pokemon_1,type_1,hp_1,attack_1,defense_1,speed_1,pokemon_2,type_2,hp_2,attack_2,defense_2,speed_2,type_mult_1_vs_2,type_mult_2_vs_1,hp_diff,attack_diff,defense_diff,speed_diff,stat_total_diff,turns,winner
Geodude,Rock,60,30,35,10,Nidoran-f,Poison,60,17,18,17,1.0,0.5,0,13,17,-7,23,3,1
Ivysaur,Grass,66,23,22,25,Onix,Rock,60,17,50,29,2.0,1.0,6,6,-28,-4,-20,4,1
Voltorb,Electric,60,15,17,42,Arcanine,Fire,99,41,28,39,1.0,1.0,-39,-26,-11,3,-73,2,0
Wigglytuff,Normal,154,26,15,18,Wartortle,Water,64,23,28,24,1.0,1.0,90,3,-13,-6,74,5,1
Machamp,Fighting,99,49,28,23,Rhyhorn,Ground,88,32,33,10,1.0,1.0,11,17,-5,13,36,4,1
Drowzee,Psychic,66,18,15,17,Metapod,Bug,60,15,19,12,1.0,2.0,6,3,-4,5,10,2,0
Weedle,Bug,60,15,12,21,Beedrill,Bug,71,34,14,31,1.0,1.0,-11,-19,-2,-10,-42,2,0
Lickitung,Normal,99,20,26,12,Exeggutor,Grass,104,36,29,23,1.0,1.0,-5,-16,-3,-11,-35,5,0
Ninetales,Fire,80,28,26,42,Pinsir,Bug,71,47,35,35,2.0,0.5,9,-19,-9,7,-12,3,1
Beedrill,Bug,71,34,14,31,Psyduck,Water,60,19,16,23,1.0,1.0,11,15,-2,8,32,2,1
Dugtrio,Ground,60,38,17,50,Mr-mime,Psychic,60,17,22,37,1.0,1.0,0,21,-5,13,29,2,1
Psyduck,Water,60,19,16,23,Bellsprout,Grass,60,28,12,16,0.5,2.0,0,-9,4,7,2,2,0
Raticate,Normal,60,30,21,40,Cloyster,Water,60,36,50,29,1.0,1.0,0,-6,-29,11,-24,3,0
Alakazam,Psychic,60,19,15,50,Mankey,Fighting,60,30,12,29,2.0,0.5,0,-11,3,21,13,2,1
Weepinbell,Grass,71,34,17,23,Pidgeotto,Normal,69,22,19,29,1.0,1.0,2,12,-2,-6,6,3,1
Krabby,Water,60,39,31,21,Electabuzz,Electric,71,31,19,44,1.0,2.0,-11,8,12,-23,-14,2,0
Raichu,Electric,66,34,19,46,Beedrill,Bug,71,34,14,31,1.0,1.0,-5,0,5,15,15,2,1
Pinsir,Bug,71,47,35,35,Wigglytuff,Normal,154,26,15,18,1.0,1.0,-83,21,20,17,-25,3,1
Parasect,Bug,66,36,28,12,Persian,Normal,71,26,21,48,1.0,1.0,-5,10,7,-36,-24,3,1
Cloyster,Water,60,36,50,29,Wigglytuff,Normal,154,26,15,18,1.0,1.0,-94,10,35,11,-38,5,1
Charmeleon,Fire,63,24,20,33,Snorlax,Normal,176,41,22,12,1.0,1.0,-113,-17,-2,21,-111,2,0
Geodude,Rock,60,30,35,10,Cloyster,Water,60,36,50,29,1.0,2.0,0,-6,-15,-19,-40,2,0
Victreebel,Grass,88,39,22,29,Aerodactyl,Rock,88,39,22,54,2.0,1.0,0,0,0,-25,-25,2,1
Slowpoke,Water,99,24,22,10,Parasect,Bug,66,36,28,12,1.0,1.0,33,-12,-6,-2,13,4,0
Golduck,Water,88,31,27,35,Persian,Normal,71,26,21,48,1.0,1.0,17,5,6,-13,15,3,1
Victreebel,Grass,88,39,22,29,Tauros,Normal,82,38,33,46,1.0,1.0,6,1,-11,-17,-21,4,0
Poliwhirl,Water,71,24,22,37,Omastar,Rock,77,22,43,23,2.0,1.0,-6,2,-21,14,-11,4,1
Rhydon,Ground,115,49,42,16,Charmander,Fire,60,19,15,27,2.0,1.0,55,30,27,-11,101,1,1
Vulpix,Fire,60,15,14,27,Vileplume,Grass,82,30,29,21,2.0,0.5,-22,-15,-15,6,-46,4,0
Raichu,Electric,66,34,19,46,Weepinbell,Grass,71,34,17,23,0.5,1.0,-5,0,2,23,20,3,0
Nidorina,Poison,77,23,23,23,Parasect,Bug,66,36,28,12,1.0,0.5,11,-13,-5,11,4,5,1
Magikarp,Water,60,15,19,33,Alakazam,Psychic,60,19,15,50,1.0,1.0,0,-4,4,-17,-17,4,0
Victreebel,Grass,88,39,22,29,Meowth,Normal,60,17,12,37,1.0,1.0,28,22,10,-8,52,2,1
Grimer,Poison,88,30,17,10,Persian,Normal,71,26,21,48,1.0,1.0,17,4,-4,-38,-21,3,1
Goldeen,Water,60,25,21,26,Seaking,Water,88,34,22,28,0.5,0.5,-28,-9,-1,-2,-40,5,0
Psyduck,Water,60,19,16,23,Slowbro,Water,104,28,38,12,0.5,0.5,-44,-9,-22,11,-64,5,0
Krabby,Water,60,39,31,21,Clefable,Fairy,104,26,25,25,1.0,1.0,-44,13,6,-4,-29,4,0
Alakazam,Psychic,60,19,15,50,Graveler,Rock,60,36,40,14,1.0,1.0,0,-17,-25,36,-6,2,0
Kakuna,Bug,60,15,17,14,Mewtwo,Psychic,116,41,31,54,2.0,1.0,-56,-26,-14,-40,-136,2,0
Primeape,Fighting,71,39,21,39,Gloom,Grass,66,24,24,16,1.0,1.0,5,15,-3,23,40,3,1
Tauros,Normal,82,38,33,46,Hitmonchan,Fighting,60,39,27,31,1.0,2.0,22,-1,6,15,42,2,0
Bulbasaur,Grass,60,18,17,18,Magneton,Electric,60,22,33,29,1.0,0.5,0,-4,-16,-11,-31,6,0
Chansey,Normal,180,15,12,21,Dewgong,Water,99,26,28,29,1.0,1.0,81,-11,-16,-8,46,5,0
Dratini,Dragon,60,24,15,21,Arcanine,Fire,99,41,28,39,1.0,0.5,-39,-17,-13,-18,-87,3,0
Omanyte,Rock,60,15,35,14,Rattata,Normal,60,21,12,30,1.0,0.5,0,-6,23,-16,1,3,1
Graveler,Rock,60,36,40,14,Persian,Normal,71,26,21,48,1.0,0.5,-11,10,19,-34,-16,3,1
Lapras,Water,143,32,28,25,Tentacool,Water,60,15,12,29,0.5,0.5,83,17,16,-4,112,3,1
Rapidash,Fire,71,38,24,44,Hypno,Psychic,93,27,24,28,1.0,1.0,-22,11,0,16,5,4,1
Aerodactyl,Rock,88,39,22,54,Magikarp,Water,60,15,19,33,1.0,2.0,28,24,3,21,76,2,1
Nidoran-m,Poison,60,21,14,21,Weezing,Poison,71,34,42,25,0.5,0.5,-11,-13,-28,-4,-56,4,0
Squirtle,Water,60,18,22,18,Eevee,Normal,60,20,17,23,1.0,1.0,0,-2,5,-5,-2,4,0
Seaking,Water,88,34,22,28,Chansey,Normal,180,15,12,21,1.0,1.0,-92,19,10,7,-56,5,1
Voltorb,Electric,60,15,17,42,Haunter,Ghost,60,19,15,39,1.0,1.0,0,-4,2,3,1,4,1
Moltres,Fire,99,38,31,37,Graveler,Rock,60,36,40,14,0.5,2.0,39,2,-9,23,55,3,0
Doduo,Normal,60,32,15,31,Electabuzz,Electric,71,31,19,44,1.0,1.0,-11,1,-4,-13,-27,2,0
Ditto,Normal,60,18,16,20,Alakazam,Psychic,60,19,15,50,1.0,1.0,0,-1,1,-30,-30,3,0
Kingler,Water,60,49,40,31,Eevee,Normal,60,20,17,23,1.0,1.0,0,29,23,8,60,2,1
Jynx,Ice,71,19,12,39,Aerodactyl,Rock,88,39,22,54,1.0,2.0,-17,-20,-10,-15,-62,1,0
Pikachu,Electric,60,20,14,37,Grimer,Poison,88,30,17,10,1.0,1.0,-28,-10,-3,27,-14,2,0
Cloyster,Water,60,36,50,29,Spearow,Normal,60,22,12,29,1.0,1.0,0,14,38,0,52,2,1
Seel,Water,71,17,19,18,Koffing,Poison,60,24,33,14,1.0,1.0,11,-7,-14,4,-6,4,0
Jigglypuff,Normal,126,17,12,10,Tauros,Normal,82,38,33,46,1.0,1.0,44,-21,-21,-36,-34,3,0
Rhydon,Ground,115,49,42,16,Hitmonchan,Fighting,60,39,27,31,1.0,1.0,55,10,15,-15,65,3,1
Pidgeot,Normal,91,30,26,42,Kakuna,Bug,60,15,17,14,1.0,1.0,31,15,9,28,83,3,1
Metapod,Bug,60,15,19,12,Fearow,Normal,71,34,22,42,1.0,1.0,-11,-19,-3,-30,-63,2,0
Exeggcute,Grass,66,15,28,16,Blastoise,Water,86,31,35,32,2.0,0.5,-20,-16,-7,-16,-59,5,1
Omanyte,Rock,60,15,35,14,Flareon,Fire,71,49,21,27,2.0,0.5,-11,-34,14,-13,-44,3,1
Shellder,Water,60,24,35,16,Zapdos,Electric,99,34,29,42,1.0,2.0,-39,-10,6,-26,-69,2,0
Beedrill,Bug,71,34,14,31,Rapidash,Fire,71,38,24,44,0.5,2.0,0,-4,-10,-13,-27,1,0
Pikachu,Electric,60,20,14,37,Mr-mime,Psychic,60,17,22,37,1.0,1.0,0,3,-8,0,-5,3,0
Nidoking,Poison,89,38,26,35,Golduck,Water,88,31,27,35,1.0,1.0,1,7,-1,0,7,4,1
Gloom,Grass,66,24,24,16,Onix,Rock,60,17,50,29,2.0,1.0,6,7,-26,-13,-26,4,1
Vileplume,Grass,82,30,29,21,Cloyster,Water,60,36,50,29,2.0,0.5,22,-6,-21,-8,-13,3,1
Rattata,Normal,60,21,12,30,Moltres,Fire,99,38,31,37,1.0,1.0,-39,-17,-19,-7,-82,2,0
Seadra,Water,60,24,33,35,Machoke,Fighting,88,38,24,18,1.0,1.0,-28,-14,9,17,-16,4,0
Gengar,Ghost,66,24,21,46,Omastar,Rock,77,22,43,23,1.0,1.0,-11,2,-22,23,-8,4,0
Porygon,Normal,71,22,24,16,Golem,Rock,88,45,45,18,0.5,1.0,-17,-23,-21,-2,-63,3,0
Lickitung,Normal,99,20,26,12,Dodrio,Normal,66,41,24,46,1.0,1.0,33,-21,2,-34,-20,4,0
Pidgeot,Normal,91,30,26,42,Alakazam,Psychic,60,19,15,50,1.0,1.0,31,11,11,-8,45,2,1
Tentacool,Water,60,15,12,29,Doduo,Normal,60,32,15,31,1.0,1.0,0,-17,-3,-2,-22,2,0
Poliwhirl,Water,71,24,22,37,Snorlax,Normal,176,41,22,12,1.0,1.0,-105,-17,0,25,-97,3,0
Seel,Water,71,17,19,18,Horsea,Water,60,15,24,25,0.5,0.5,11,2,-5,-7,1,10,1
Porygon,Normal,71,22,24,16,Flareon,Fire,71,49,21,27,1.0,1.0,0,-27,3,-11,-35,3,0
Mew,Psychic,110,38,35,42,Charizard,Fire,85,31,27,42,1.0,1.0,25,7,8,0,40,4,1
Butterfree,Bug,66,17,17,29,Seaking,Water,88,34,22,28,1.0,1.0,-22,-17,-5,1,-43,3,0
Ivysaur,Grass,66,23,22,25,Raichu,Electric,66,34,19,46,1.0,0.5,0,-11,3,-21,-29,4,1
Butterfree,Bug,66,17,17,29,Arcanine,Fire,99,41,28,39,0.5,2.0,-33,-24,-11,-10,-78,1,0
Marowak,Ground,66,30,38,18,Nidoran-m,Poison,60,21,14,21,2.0,0.5,6,9,24,-3,36,1,1
Kabuto,Rock,60,30,31,23,Ivysaur,Grass,66,23,22,25,1.0,2.0,-6,7,9,-2,8,3,0
Kadabra,Psychic,60,15,12,44,Graveler,Rock,60,36,40,14,1.0,1.0,0,-21,-28,30,-19,2,0
Venonat,Bug,66,20,17,18,Onix,Rock,60,17,50,29,1.0,2.0,6,3,-33,-11,-35,3,0
Grimer,Poison,88,30,17,10,Tangela,Grass,71,20,40,25,2.0,0.5,17,10,-23,-15,-11,3,1
Hypno,Psychic,93,27,24,28,Blastoise,Water,86,31,35,32,1.0,1.0,7,-4,-11,-4,-12,4,0
Mew,Psychic,110,38,35,42,Caterpie,Bug,60,15,12,18,1.0,2.0,50,23,23,24,120,2,1
Diglett,Ground,60,20,12,39,Tauros,Normal,82,38,33,46,1.0,1.0,-22,-18,-21,-7,-68,2,0
Seel,Water,71,17,19,18,Sandslash,Ground,82,38,38,27,2.0,1.0,-11,-21,-19,-9,-60,2,0
Raticate,Normal,60,30,21,40,Nidoqueen,Poison,99,34,30,31,1.0,1.0,-39,-4,-9,9,-43,2,0
Seel,Water,71,17,19,18,Snorlax,Normal,176,41,22,12,1.0,1.0,-105,-24,-3,6,-126,3,0
Mr-mime,Psychic,60,17,22,37,Seaking,Water,88,34,22,28,1.0,1.0,-28,-17,0,9,-36,3,0
Abra,Psychic,60,15,12,37,Porygon,Normal,71,22,24,16,1.0,1.0,-11,-7,-12,21,-9,2,0
Vileplume,Grass,82,30,29,21,Zubat,Poison,60,17,12,23,0.5,2.0,22,13,17,-2,50,3,1
Porygon,Normal,71,22,24,16,Nidoran-m,Poison,60,21,14,21,1.0,1.0,11,1,10,-5,17,3,1
Nidorino,Poison,67,27,19,27,Starmie,Water,66,28,29,48,1.0,1.0,1,-1,-10,-21,-31,3,0
Rapidash,Fire,71,38,24,44,Dugtrio,Ground,60,38,17,50,1.0,2.0,11,0,7,-6,12,2,0
Tentacool,Water,60,15,12,29,Jynx,Ice,71,19,12,39,1.0,0.5,-11,-4,0,-10,-25,4,1
Pidgeot,Normal,91,30,26,42,Pidgeotto,Normal,69,22,19,29,1.0,1.0,22,8,7,13,50,3,1
Dratini,Dragon,60,24,15,21,Moltres,Fire,99,38,31,37,1.0,0.5,-39,-14,-16,-16,-85,3,0
Haunter,Ghost,60,19,15,39,Pidgey,Normal,60,17,14,23,0.0,0.0,0,2,1,16,19,15,1
Diglett,Ground,60,20,12,39,Bellsprout,Grass,60,28,12,16,0.5,2.0,0,-8,0,23,15,1,0
Bellsprout,Grass,60,28,12,16,Wartortle,Water,64,23,28,24,2.0,0.5,-4,5,-16,-8,-23,2,1
Arbok,Poison,66,36,24,33,Mr-mime,Psychic,60,17,22,37,1.0,2.0,6,19,2,-4,23,3,0
Venusaur,Grass,88,31,29,33,Kadabra,Psychic,60,15,12,44,1.0,1.0,28,16,17,-11,50,2,1
Persian,Normal,71,26,21,48,Onix,Rock,60,17,50,29,0.5,1.0,11,9,-29,19,10,6,0
Wartortle,Water,64,23,28,24,Grimer,Poison,88,30,17,10,1.0,1.0,-24,-7,11,14,-6,4,1
Arbok,Poison,66,36,24,33,Beedrill,Bug,71,34,14,31,1.0,0.5,-5,2,10,2,9,2,1
Beedrill,Bug,71,34,14,31,Flareon,Fire,71,49,21,27,0.5,2.0,0,-15,-7,4,-18,1,0
Venonat,Bug,66,20,17,18,Nidoran-f,Poison,60,17,18,17,0.5,1.0,6,3,-1,1,9,5,0
Machoke,Fighting,88,38,24,18,Charmeleon,Fire,63,24,20,33,1.0,1.0,25,14,4,-15,28,2,1
Caterpie,Bug,60,15,12,18,Staryu,Water,60,17,19,35,1.0,1.0,0,-2,-7,-17,-26,3,0
Krabby,Water,60,39,31,21,Rhydon,Ground,115,49,42,16,2.0,1.0,-55,-10,-11,5,-71,3,0
Clefable,Fairy,104,26,25,25,Bulbasaur,Grass,60,18,17,18,1.0,1.0,44,8,8,7,67,3,1
Abra,Psychic,60,15,12,37,Clefable,Fairy,104,26,25,25,1.0,1.0,-44,-11,-13,12,-56,2,0
Spearow,Normal,60,22,12,29,Arbok,Poison,66,36,24,33,1.0,1.0,-6,-14,-12,-4,-36,2,0
Poliwag,Water,60,19,14,37,Magnemite,Electric,60,15,24,18,1.0,2.0,0,4,-10,19,13,2,0
Wartortle,Water,64,23,28,24,Kabutops,Rock,66,43,36,33,2.0,1.0,-2,-20,-8,-9,-39,3,0
Kingler,Water,60,49,40,31,Ekans,Poison,60,22,15,23,1.0,1.0,0,27,25,8,60,2,1
Cloyster,Water,60,36,50,29,Farfetchd,Normal,60,34,19,25,1.0,1.0,0,2,31,4,37,2,1
Psyduck,Water,60,19,16,23,Nidoran-f,Poison,60,17,18,17,1.0,1.0,0,2,-2,6,6,4,1
Jynx,Ice,71,19,12,39,Vileplume,Grass,82,30,29,21,2.0,1.0,-11,-11,-17,18,-21,2,0
Magnemite,Electric,60,15,24,18,Clefable,Fairy,104,26,25,25,1.0,1.0,-44,-11,-1,-7,-63,4,0
Gastly,Ghost,60,15,12,33,Articuno,Ice,99,32,35,35,1.0,1.0,-39,-17,-23,-2,-81,2,0
Articuno,Ice,99,32,35,35,Nidoran-m,Poison,60,21,14,21,1.0,1.0,39,11,21,14,85,2,1
Articuno,Ice,99,32,35,35,Beedrill,Bug,71,34,14,31,1.0,1.0,28,-2,21,4,51,3,1
Dewgong,Water,99,26,28,29,Tentacruel,Water,88,26,22,42,0.5,0.5,11,0,6,-13,4,9,1
Paras,Bug,60,26,19,10,Zubat,Poison,60,17,12,23,0.5,1.0,0,9,7,-13,3,4,0
Meowth,Normal,60,17,12,37,Pidgeotto,Normal,69,22,19,29,1.0,1.0,-9,-5,-7,8,-13,3,0
Poliwag,Water,60,19,14,37,Nidoran-m,Poison,60,21,14,21,1.0,1.0,0,-2,0,16,14,3,1
Pidgeotto,Normal,69,22,19,29,Snorlax,Normal,176,41,22,12,1.0,1.0,-107,-19,-3,17,-112,3,0
Wartortle,Water,64,23,28,24,Pidgey,Normal,60,17,14,23,1.0,1.0,4,6,14,1,25,3,1
Spearow,Normal,60,22,12,29,Charmander,Fire,60,19,15,27,1.0,1.0,0,3,-3,2,2,3,1
Pidgeotto,Normal,69,22,19,29,Geodude,Rock,60,30,35,10,0.5,1.0,9,-8,-16,19,4,3,0
Rhyhorn,Ground,88,32,33,10,Snorlax,Normal,176,41,22,12,1.0,1.0,-88,-9,11,-2,-88,5,0
Grimer,Poison,88,30,17,10,Squirtle,Water,60,18,22,18,1.0,1.0,28,12,-5,-8,27,3,1
Machop,Fighting,77,30,17,14,Magnemite,Electric,60,15,24,18,1.0,1.0,17,15,-7,-4,21,4,1
Ninetales,Fire,80,28,26,42,Kangaskhan,Normal,115,36,28,37,1.0,1.0,-35,-8,-2,5,-40,4,0
Horsea,Water,60,15,24,25,Charmander,Fire,60,19,15,27,2.0,0.5,0,-4,9,-2,3,2,1
Kabutops,Rock,66,43,36,33,Victreebel,Grass,88,39,22,29,1.0,2.0,-22,4,14,4,0,2,0
Magneton,Electric,60,22,33,29,Gyarados,Water,104,47,27,34,2.0,1.0,-44,-25,6,-5,-68,3,0
Pidgeotto,Normal,69,22,19,29,Mankey,Fighting,60,30,12,29,1.0,2.0,9,-8,7,0,8,2,1
Snorlax,Normal,176,41,22,12,Nidoran-f,Poison,60,17,18,17,1.0,1.0,116,24,4,-5,139,2,1
Squirtle,Water,60,18,22,18,Golem,Rock,88,45,45,18,2.0,1.0,-28,-27,-23,0,-78,2,0
Arbok,Poison,66,36,24,33,Nidoran-f,Poison,60,17,18,17,0.5,0.5,6,19,6,16,47,5,1
Persian,Normal,71,26,21,48,Flareon,Fire,71,49,21,27,1.0,1.0,0,-23,0,21,-2,2,0
Gloom,Grass,66,24,24,16,Weezing,Poison,71,34,42,25,0.5,2.0,-5,-10,-18,-9,-42,2,0
Onix,Rock,60,17,50,29,Nidorino,Poison,67,27,19,27,1.0,0.5,-7,-10,31,2,16,5,1
Gyarados,Water,104,47,27,34,Tentacool,Water,60,15,12,29,0.5,0.5,44,32,15,5,96,2,1
Dewgong,Water,99,26,28,29,Magnemite,Electric,60,15,24,18,1.0,2.0,39,11,4,11,65,4,1
Ponyta,Fire,60,32,19,37,Beedrill,Bug,71,34,14,31,2.0,0.5,-11,-2,5,6,-2,1,1
Gyarados,Water,104,47,27,34,Bulbasaur,Grass,60,18,17,18,0.5,2.0,44,29,10,16,99,3,1
Poliwag,Water,60,19,14,37,Bellsprout,Grass,60,28,12,16,0.5,2.0,0,-9,2,21,14,1,0
Kabutops,Rock,66,43,36,33,Tauros,Normal,82,38,33,46,1.0,0.5,-16,5,3,-13,-21,4,1
Raticate,Normal,60,30,21,40,Dratini,Dragon,60,24,15,21,1.0,1.0,0,6,6,19,31,2,1
Tentacool,Water,60,15,12,29,Slowbro,Water,104,28,38,12,0.5,0.5,-44,-13,-26,17,-66,4,0
Psyduck,Water,60,19,16,23,Nidorina,Poison,77,23,23,23,1.0,1.0,-17,-4,-7,0,-28,3,0
Spearow,Normal,60,22,12,29,Geodude,Rock,60,30,35,10,0.5,1.0,0,-8,-23,19,-12,2,0
Shellder,Water,60,24,35,16,Zubat,Poison,60,17,12,23,1.0,1.0,0,7,23,-7,23,2,1
Muk,Poison,115,39,26,21,Omastar,Rock,77,22,43,23,0.5,1.0,38,17,-17,-2,36,9,0
Butterfree,Bug,66,17,17,29,Venomoth,Bug,77,24,21,37,1.0,1.0,-11,-7,-4,-8,-30,3,0
Butterfree,Bug,66,17,17,29,Poliwhirl,Water,71,24,22,37,1.0,1.0,-5,-7,-5,-8,-25,3,0
Rhydon,Ground,115,49,42,16,Kabuto,Rock,60,30,31,23,2.0,0.5,55,19,11,-7,78,2,1
Vulpix,Fire,60,15,14,27,Articuno,Ice,99,32,35,35,2.0,0.5,-39,-17,-21,-8,-85,4,0
Vulpix,Fire,60,15,14,27,Alakazam,Psychic,60,19,15,50,1.0,1.0,0,-4,-1,-23,-28,3,0
Geodude,Rock,60,30,35,10,Growlithe,Fire,60,26,15,25,2.0,0.5,0,4,20,-15,9,1,1
Voltorb,Electric,60,15,17,42,Oddish,Grass,60,19,19,12,0.5,1.0,0,-4,-2,30,24,4,0
Tangela,Grass,71,20,40,25,Seadra,Water,60,24,33,35,2.0,0.5,11,-4,7,-10,4,3,1
Omanyte,Rock,60,15,35,14,Magnemite,Electric,60,15,24,18,1.0,1.0,0,0,11,-4,7,6,1
Venomoth,Bug,77,24,21,37,Dratini,Dragon,60,24,15,21,1.0,1.0,17,0,6,16,39,3,1
Ditto,Normal,60,18,16,20,Growlithe,Fire,60,26,15,25,1.0,1.0,0,-8,1,-5,-12,3,0
Nidoran-f,Poison,60,17,18,17,Nidoqueen,Poison,99,34,30,31,0.5,0.5,-39,-17,-12,-14,-82,4,0
Squirtle,Water,60,18,22,18,Weepinbell,Grass,71,34,17,23,0.5,2.0,-11,-16,5,-5,-27,2,0
Sandshrew,Ground,60,28,29,16,Fearow,Normal,71,34,22,42,1.0,1.0,-11,-6,7,-26,-36,3,0
Weedle,Bug,60,15,12,21,Machamp,Fighting,99,49,28,23,0.5,0.5,-39,-34,-16,-2,-91,2,0
Machop,Fighting,77,30,17,14,Goldeen,Water,60,25,21,26,1.0,1.0,17,5,-4,-12,6,3,1
Paras,Bug,60,26,19,10,Poliwhirl,Water,71,24,22,37,1.0,1.0,-11,2,-3,-27,-39,4,0
Doduo,Normal,60,32,15,31,Kakuna,Bug,60,15,17,14,1.0,1.0,0,17,-2,17,32,3,1
Arbok,Poison,66,36,24,33,Slowbro,Water,104,28,38,12,1.0,1.0,-38,8,-14,21,-23,4,0
Mewtwo,Psychic,116,41,31,54,Chansey,Normal,180,15,12,21,1.0,1.0,-64,26,19,33,14,4,1
Poliwag,Water,60,19,14,37,Arbok,Poison,66,36,24,33,1.0,1.0,-6,-17,-10,4,-29,2,0
Hitmonlee,Fighting,60,45,18,36,Koffing,Poison,60,24,33,14,0.5,1.0,0,21,-15,22,28,3,0
Magnemite,Electric,60,15,24,18,Porygon,Normal,71,22,24,16,1.0,1.0,-11,-7,0,2,-16,4,0
Tauros,Normal,82,38,33,46,Weepinbell,Grass,71,34,17,23,1.0,1.0,11,4,16,23,54,2,1
Hitmonlee,Fighting,60,45,18,36,Venonat,Bug,66,20,17,18,0.5,0.5,-6,25,1,18,38,4,1
Pinsir,Bug,71,47,35,35,Goldeen,Water,60,25,21,26,1.0,1.0,11,22,14,9,56,2,1
Dugtrio,Ground,60,38,17,50,Seel,Water,71,17,19,18,1.0,2.0,-11,21,-2,32,40,2,0
Kabuto,Rock,60,30,31,23,Seadra,Water,60,24,33,35,1.0,2.0,0,6,-2,-12,-8,3,0
Snorlax,Normal,176,41,22,12,Dratini,Dragon,60,24,15,21,1.0,1.0,116,17,7,-9,131,2,1
Venomoth,Bug,77,24,21,37,Drowzee,Psychic,66,18,15,17,2.0,1.0,11,6,6,20,43,2,1
Doduo,Normal,60,32,15,31,Venusaur,Grass,88,31,29,33,1.0,1.0,-28,1,-14,-2,-43,3,0
Sandslash,Ground,82,38,38,27,Slowbro,Water,104,28,38,12,1.0,2.0,-22,10,0,15,3,4,0
Gastly,Ghost,60,15,12,33,Muk,Poison,115,39,26,21,1.0,0.5,-55,-24,-14,12,-81,3,0
Shellder,Water,60,24,35,16,Meowth,Normal,60,17,12,37,1.0,1.0,0,7,23,-21,9,2,1
Pidgeotto,Normal,69,22,19,29,Krabby,Water,60,39,31,21,1.0,1.0,9,-17,-12,8,-12,3,0
Venomoth,Bug,77,24,21,37,Flareon,Fire,71,49,21,27,0.5,2.0,6,-25,0,10,-9,2,0
Squirtle,Water,60,18,22,18,Ivysaur,Grass,66,23,22,25,0.5,2.0,-6,-5,0,-7,-18,2,0
Pidgey,Normal,60,17,14,23,Beedrill,Bug,71,34,14,31,1.0,1.0,-11,-17,0,-8,-36,2,0
Metapod,Bug,60,15,19,12,Pikachu,Electric,60,20,14,37,1.0,1.0,0,-5,5,-25,-25,4,0
Mew,Psychic,110,38,35,42,Kabutops,Rock,66,43,36,33,1.0,1.0,44,-5,-1,9,47,4,1
Venomoth,Bug,77,24,21,37,Electrode,Electric,66,19,24,60,1.0,1.0,11,5,-3,-23,-10,5,1
Cubone,Ground,60,19,33,14,Metapod,Bug,60,15,19,12,0.5,1.0,0,4,14,2,20,7,0
Hypno,Psychic,93,27,24,28,Slowpoke,Water,99,24,22,10,1.0,1.0,-6,3,2,18,17,6,1
Nidorino,Poison,67,27,19,27,Gloom,Grass,66,24,24,16,2.0,0.5,1,3,-5,11,10,2,1
Hitmonchan,Fighting,60,39,27,31,Moltres,Fire,99,38,31,37,1.0,1.0,-39,1,-4,-6,-48,3,0
Mew,Psychic,110,38,35,42,Shellder,Water,60,24,35,16,1.0,1.0,50,14,0,26,90,4,1
Raichu,Electric,66,34,19,46,Persian,Normal,71,26,21,48,1.0,1.0,-5,8,-2,-2,-1,3,1
Parasect,Bug,66,36,28,12,Arbok,Poison,66,36,24,33,0.5,1.0,0,0,4,-21,-17,4,0
Magnemite,Electric,60,15,24,18,Kabuto,Rock,60,30,31,23,1.0,1.0,0,-15,-7,-5,-27,3,0
Dewgong,Water,99,26,28,29,Psyduck,Water,60,19,16,23,0.5,0.5,39,7,12,6,64,5,1
Rhyhorn,Ground,88,32,33,10,Omastar,Rock,77,22,43,23,2.0,0.5,11,10,-10,-13,-2,3,1
Arbok,Poison,66,36,24,33,Cubone,Ground,60,19,33,14,0.5,2.0,6,17,-9,19,33,3,0
Doduo,Normal,60,32,15,31,Onix,Rock,60,17,50,29,0.5,1.0,0,15,-35,2,-18,3,0
Magneton,Electric,60,22,33,29,Gengar,Ghost,66,24,21,46,1.0,1.0,-6,-2,12,-17,-13,4,1
Hitmonchan,Fighting,60,39,27,31,Exeggcute,Grass,66,15,28,16,1.0,1.0,-6,24,-1,15,32,3,1
Dugtrio,Ground,60,38,17,50,Vileplume,Grass,82,30,29,21,0.5,2.0,-22,8,-12,29,3,2,0
Exeggcute,Grass,66,15,28,16,Rhydon,Ground,115,49,42,16,2.0,0.5,-49,-34,-14,0,-97,5,0
Porygon,Normal,71,22,24,16,Gloom,Grass,66,24,24,16,1.0,1.0,5,-2,0,0,3,4,1
Wigglytuff,Normal,154,26,15,18,Pinsir,Bug,71,47,35,35,1.0,1.0,83,-21,-20,-17,25,4,0
Rhydon,Ground,115,49,42,16,Charmeleon,Fire,63,24,20,33,2.0,1.0,52,25,22,-17,82,1,1
Raichu,Electric,66,34,19,46,Machamp,Fighting,99,49,28,23,1.0,1.0,-33,-15,-9,23,-34,2,0
Magnemite,Electric,60,15,24,18,Eevee,Normal,60,20,17,23,1.0,1.0,0,-5,7,-5,-3,4,1
Gyarados,Water,104,47,27,34,Seadra,Water,60,24,33,35,0.5,0.5,44,23,-6,-1,60,6,1
Kadabra,Psychic,60,15,12,44,Hitmonlee,Fighting,60,45,18,36,2.0,0.5,0,-30,-6,8,-28,3,1
Fearow,Normal,71,34,22,42,Venomoth,Bug,77,24,21,37,1.0,1.0,-6,10,1,5,10,3,1
Magmar,Fire,71,36,19,39,Slowpoke,Water,99,24,22,10,0.5,2.0,-28,12,-3,29,10,2,0
Lickitung,Normal,99,20,26,12,Machoke,Fighting,88,38,24,18,1.0,2.0,11,-18,2,-6,-11,2,0
Tauros,Normal,82,38,33,46,Weezing,Poison,71,34,42,25,1.0,1.0,11,4,-9,21,27,5,1
Haunter,Ghost,60,19,15,39,Alakazam,Psychic,60,19,15,50,2.0,1.0,0,0,0,-11,-11,2,1
Machop,Fighting,77,30,17,14,Grimer,Poison,88,30,17,10,0.5,1.0,-11,0,0,4,-7,3,0
Goldeen,Water,60,25,21,26,Gyarados,Water,104,47,27,34,0.5,0.5,-44,-22,-6,-8,-80,4,0
Weezing,Poison,71,34,42,25,Omanyte,Rock,60,15,35,14,0.5,1.0,11,19,7,11,48,8,1
Horsea,Water,60,15,24,25,Hitmonlee,Fighting,60,45,18,36,1.0,1.0,0,-30,6,-11,-35,2,0
Cloyster,Water,60,36,50,29,Mew,Psychic,110,38,35,42,1.0,1.0,-50,-2,15,-13,-50,5,0
Magikarp,Water,60,15,19,33,Cubone,Ground,60,19,33,14,2.0,1.0,0,-4,-14,19,1,4,1
Vaporeon,Water,143,24,21,27,Golem,Rock,88,45,45,18,2.0,1.0,55,-21,-24,9,19,5,1
Muk,Poison,115,39,26,21,Dodrio,Normal,66,41,24,46,1.0,1.0,49,-2,2,-25,24,3,1
Horsea,Water,60,15,24,25,Ditto,Normal,60,18,16,20,1.0,1.0,0,-3,8,5,10,4,1
Pinsir,Bug,71,47,35,35,Mankey,Fighting,60,30,12,29,0.5,0.5,11,17,23,6,57,3,1
Magikarp,Water,60,15,19,33,Graveler,Rock,60,36,40,14,2.0,1.0,0,-21,-21,19,-23,2,0
Magmar,Fire,71,36,19,39,Charmeleon,Fire,63,24,20,33,0.5,0.5,8,12,-1,6,25,5,1
Meowth,Normal,60,17,12,37,Electabuzz,Electric,71,31,19,44,1.0,1.0,-11,-14,-7,-7,-39,2,0
Raticate,Normal,60,30,21,40,Venonat,Bug,66,20,17,18,1.0,1.0,-6,10,4,22,30,3,1
Eevee,Normal,60,20,17,23,Dugtrio,Ground,60,38,17,50,1.0,1.0,0,-18,0,-27,-45,2,0
Dragonair,Dragon,67,31,22,29,Arcanine,Fire,99,41,28,39,1.0,0.5,-32,-10,-6,-10,-58,5,0
Omastar,Rock,77,22,43,23,Nidoran-m,Poison,60,21,14,21,1.0,0.5,17,1,29,2,49,3,1
Ponyta,Fire,60,32,19,37,Caterpie,Bug,60,15,12,18,2.0,0.5,0,17,7,19,43,1,1
Wartortle,Water,64,23,28,24,Seadra,Water,60,24,33,35,0.5,0.5,4,-1,-5,-11,-13,9,0
Poliwrath,Water,99,36,33,29,Gloom,Grass,66,24,24,16,0.5,2.0,33,12,9,13,67,4,0
Koffing,Poison,60,24,33,14,Electrode,Electric,66,19,24,60,1.0,1.0,-6,5,9,-46,-38,4,1
Fearow,Normal,71,34,22,42,Rhydon,Ground,115,49,42,16,1.0,1.0,-44,-15,-20,26,-53,2,0
Slowpoke,Water,99,24,22,10,Venonat,Bug,66,20,17,18,1.0,1.0,33,4,5,-8,34,3,1
Ivysaur,Grass,66,23,22,25,Doduo,Normal,60,32,15,31,1.0,1.0,6,-9,7,-6,-2,3,0
Grimer,Poison,88,30,17,10,Psyduck,Water,60,19,16,23,1.0,1.0,28,11,1,-13,27,2,1
Psyduck,Water,60,19,16,23,Haunter,Ghost,60,19,15,39,1.0,1.0,0,0,1,-16,-15,3,0
Tauros,Normal,82,38,33,46,Kadabra,Psychic,60,15,12,44,1.0,1.0,22,23,21,2,68,2,1
Dewgong,Water,99,26,28,29,Poliwrath,Water,99,36,33,29,0.5,0.5,0,-10,-5,0,-15,10,0
Lapras,Water,143,32,28,25,Rattata,Normal,60,21,12,30,1.0,1.0,83,11,16,-5,105,2,1
Abra,Psychic,60,15,12,37,Cubone,Ground,60,19,33,14,1.0,1.0,0,-4,-21,23,-2,3,0
Kakuna,Bug,60,15,17,14,Primeape,Fighting,71,39,21,39,0.5,0.5,-11,-24,-4,-25,-64,3,0
Graveler,Rock,60,36,40,14,Psyduck,Water,60,19,16,23,1.0,2.0,0,17,24,-9,32,2,1
Mew,Psychic,110,38,35,42,Vaporeon,Water,143,24,21,27,1.0,1.0,-33,14,14,15,10,6,1
Ninetales,Fire,80,28,26,42,Squirtle,Water,60,18,22,18,0.5,2.0,20,10,4,24,58,4,0
Lapras,Water,143,32,28,25,Raichu,Electric,66,34,19,46,1.0,2.0,77,-2,9,-21,63,3,1
Dewgong,Water,99,26,28,29,Ekans,Poison,60,22,15,23,1.0,1.0,39,4,13,6,62,3,1
Mew,Psychic,110,38,35,42,Gloom,Grass,66,24,24,16,1.0,1.0,44,14,11,26,95,3,1
Snorlax,Normal,176,41,22,12,Vileplume,Grass,82,30,29,21,1.0,1.0,94,11,-7,-9,89,4,1
Victreebel,Grass,88,39,22,29,Dodrio,Normal,66,41,24,46,1.0,1.0,22,-2,-2,-17,1,3,1
Victreebel,Grass,88,39,22,29,Scyther,Bug,77,41,28,44,0.5,2.0,11,-2,-6,-15,-12,2,0
Tentacruel,Water,88,26,22,42,Mewtwo,Psychic,116,41,31,54,1.0,1.0,-28,-15,-9,-12,-64,4,0
Tangela,Grass,71,20,40,25,Haunter,Ghost,60,19,15,39,1.0,1.0,11,1,25,-14,23,3,1
Rhydon,Ground,115,49,42,16,Tangela,Grass,71,20,40,25,0.5,2.0,44,29,2,-9,66,7,0
Rapidash,Fire,71,38,24,44,Dratini,Dragon,60,24,15,21,0.5,1.0,11,14,9,23,57,3,1
Cubone,Ground,60,19,33,14,Squirtle,Water,60,18,22,18,1.0,2.0,0,1,11,-4,8,3,0
Doduo,Normal,60,32,15,31,Pidgey,Normal,60,17,14,23,1.0,1.0,0,15,1,8,24,2,1
Venonat,Bug,66,20,17,18,Hypno,Psychic,93,27,24,28,2.0,1.0,-27,-7,-7,-10,-51,3,0
Lapras,Water,143,32,28,25,Scyther,Bug,77,41,28,44,1.0,1.0,66,-9,0,-19,38,5,1
Nidoran-m,Poison,60,21,14,21,Ivysaur,Grass,66,23,22,25,2.0,0.5,-6,-2,-8,-4,-20,2,1
Persian,Normal,71,26,21,48,Wigglytuff,Normal,154,26,15,18,1.0,1.0,-83,0,6,30,-47,4,0
Haunter,Ghost,60,19,15,39,Rattata,Normal,60,21,12,30,0.0,0.0,0,-2,3,9,10,15,1
Lickitung,Normal,99,20,26,12,Exeggutor,Grass,104,36,29,23,1.0,1.0,-5,-16,-3,-11,-35,5,0
Dragonair,Dragon,67,31,22,29,Spearow,Normal,60,22,12,29,1.0,1.0,7,9,10,0,26,2,1
Squirtle,Water,60,18,22,18,Golem,Rock,88,45,45,18,2.0,1.0,-28,-27,-23,0,-78,2,0
Jolteon,Electric,71,24,21,54,Golem,Rock,88,45,45,18,1.0,1.0,-17,-21,-24,36,-26,3,0
Scyther,Bug,77,41,28,44,Moltres,Fire,99,38,31,37,0.5,2.0,-22,3,-3,7,-15,2,0
Tentacruel,Water,88,26,22,42,Vulpix,Fire,60,15,14,27,2.0,0.5,28,11,8,15,62,1,1
Articuno,Ice,99,32,35,35,Venusaur,Grass,88,31,29,33,2.0,1.0,11,1,6,2,20,3,1
Exeggcute,Grass,66,15,28,16,Graveler,Rock,60,36,40,14,2.0,1.0,6,-21,-12,2,-25,3,0
Omanyte,Rock,60,15,35,14,Cloyster,Water,60,36,50,29,1.0,2.0,0,-21,-15,-15,-51,2,0
Raticate,Normal,60,30,21,40,Dodrio,Normal,66,41,24,46,1.0,1.0,-6,-11,-3,-6,-26,2,0
Golbat,Poison,82,30,24,37,Paras,Bug,60,26,19,10,1.0,0.5,22,4,5,27,58,3,1
Charmander,Fire,60,19,15,27,Rattata,Normal,60,21,12,30,1.0,1.0,0,-2,3,-3,-2,3,0
Chansey,Normal,180,15,12,21,Poliwag,Water,60,19,14,37,1.0,1.0,120,-4,-2,-16,98,4,1
Mankey,Fighting,60,30,12,29,Haunter,Ghost,60,19,15,39,0.0,1.0,0,11,-3,-10,-2,3,0
Pidgeot,Normal,91,30,26,42,Golem,Rock,88,45,45,18,0.5,1.0,3,-15,-19,24,-7,4,0
Kadabra,Psychic,60,15,12,44,Ekans,Poison,60,22,15,23,2.0,1.0,0,-7,-3,21,11,2,1
Starmie,Water,66,28,29,48,Growlithe,Fire,60,26,15,25,2.0,0.5,6,2,14,23,45,1,1
Rapidash,Fire,71,38,24,44,Horsea,Water,60,15,24,25,0.5,2.0,11,23,0,19,53,4,0
Nidoran-f,Poison,60,17,18,17,Wartortle,Water,64,23,28,24,1.0,1.0,-4,-6,-10,-7,-27,4,0
Nidorino,Poison,67,27,19,27,Onix,Rock,60,17,50,29,0.5,1.0,7,10,-31,-2,-16,5,0
Nidoran-m,Poison,60,21,14,21,Farfetchd,Normal,60,34,19,25,1.0,1.0,0,-13,-5,-4,-22,2,0
Poliwhirl,Water,71,24,22,37,Tentacool,Water,60,15,12,29,0.5,0.5,11,9,10,8,38,4,1
Charmander,Fire,60,19,15,27,Machamp,Fighting,99,49,28,23,1.0,1.0,-39,-30,-13,4,-78,2,0
Nidoking,Poison,89,38,26,35,Magnemite,Electric,60,15,24,18,1.0,1.0,29,23,2,17,71,3,1
Dragonair,Dragon,67,31,22,29,Poliwag,Water,60,19,14,37,1.0,0.5,7,12,8,-8,19,2,1
Vulpix,Fire,60,15,14,27,Eevee,Normal,60,20,17,23,1.0,1.0,0,-5,-3,4,-4,3,0
Fearow,Normal,71,34,22,42,Omastar,Rock,77,22,43,23,0.5,1.0,-6,12,-21,19,4,4,0
Hypno,Psychic,93,27,24,28,Kangaskhan,Normal,115,36,28,37,1.0,1.0,-22,-9,-4,-9,-44,4,0
Flareon,Fire,71,49,21,27,Charmander,Fire,60,19,15,27,0.5,0.5,11,30,6,0,47,3,1
Marowak,Ground,66,30,38,18,Diglett,Ground,60,20,12,39,1.0,1.0,6,10,26,-21,21,2,1
Poliwrath,Water,99,36,33,29,Seaking,Water,88,34,22,28,0.5,0.5,11,2,11,1,25,7,1
Charmander,Fire,60,19,15,27,Clefairy,Fairy,77,17,16,14,1.0,0.5,-17,2,-1,13,-3,4,1
Jynx,Ice,71,19,12,39,Charizard,Fire,85,31,27,42,0.5,2.0,-14,-12,-15,-3,-44,1,0
Gloom,Grass,66,24,24,16,Venomoth,Bug,77,24,21,37,0.5,2.0,-11,0,3,-21,-29,2,0
Graveler,Rock,60,36,40,14,Shellder,Water,60,24,35,16,1.0,2.0,0,12,5,-2,15,3,0
Starmie,Water,66,28,29,48,Tangela,Grass,71,20,40,25,0.5,2.0,-5,8,-11,23,15,3,0
Voltorb,Electric,60,15,17,42,Doduo,Normal,60,32,15,31,1.0,1.0,0,-17,2,11,-4,2,0
Persian,Normal,71,26,21,48,Vileplume,Grass,82,30,29,21,1.0,1.0,-11,-4,-8,27,4,3,0
Kingler,Water,60,49,40,31,Machoke,Fighting,88,38,24,18,1.0,1.0,-28,11,16,13,12,3,1
Graveler,Rock,60,36,40,14,Scyther,Bug,77,41,28,44,2.0,1.0,-17,-5,12,-30,-40,2,1
Poliwrath,Water,99,36,33,29,Pinsir,Bug,71,47,35,35,1.0,1.0,28,-11,-2,-6,9,5,0
Magneton,Electric,60,22,33,29,Fearow,Normal,71,34,22,42,1.0,1.0,-11,-12,11,-13,-25,4,0
Lapras,Water,143,32,28,25,Seel,Water,71,17,19,18,0.5,0.5,72,15,9,7,103,6,1
Grimer,Poison,88,30,17,10,Drowzee,Psychic,66,18,15,17,1.0,2.0,22,12,2,-7,29,2,1
Marowak,Ground,66,30,38,18,Gloom,Grass,66,24,24,16,0.5,2.0,0,6,14,2,22,3,0
Hypno,Psychic,93,27,24,28,Nidoking,Poison,89,38,26,35,2.0,1.0,4,-11,-2,-7,-16,3,1
Lapras,Water,143,32,28,25,Kangaskhan,Normal,115,36,28,37,1.0,1.0,28,-4,0,-12,12,6,1
Abra,Psychic,60,15,12,37,Exeggcute,Grass,66,15,28,16,1.0,1.0,-6,0,-16,21,-1,3,0
Paras,Bug,60,26,19,10,Scyther,Bug,77,41,28,44,1.0,1.0,-17,-15,-9,-34,-75,2,0
Dewgong,Water,99,26,28,29,Wigglytuff,Normal,154,26,15,18,1.0,1.0,-55,0,13,11,-31,6,1
Golem,Rock,88,45,45,18,Drowzee,Psychic,66,18,15,17,1.0,1.0,22,27,30,1,80,2,1
Blastoise,Water,86,31,35,32,Alakazam,Psychic,60,19,15,50,1.0,1.0,26,12,20,-18,40,2,1
Graveler,Rock,60,36,40,14,Porygon,Normal,71,22,24,16,1.0,0.5,-11,14,16,-2,17,4,1
Vulpix,Fire,60,15,14,27,Starmie,Water,66,28,29,48,0.5,2.0,-6,-13,-15,-21,-55,1,0
Caterpie,Bug,60,15,12,18,Kadabra,Psychic,60,15,12,44,2.0,1.0,0,0,0,-26,-26,2,1
Hypno,Psychic,93,27,24,28,Ninetales,Fire,80,28,26,42,1.0,1.0,13,-1,-2,-14,-4,5,0
Kadabra,Psychic,60,15,12,44,Venusaur,Grass,88,31,29,33,1.0,1.0,-28,-16,-17,11,-50,2,0
Raichu,Electric,66,34,19,46,Rhyhorn,Ground,88,32,33,10,0.0,2.0,-22,2,-14,36,2,2,0
Meowth,Normal,60,17,12,37,Venonat,Bug,66,20,17,18,1.0,1.0,-6,-3,-5,19,5,3,0
Haunter,Ghost,60,19,15,39,Drowzee,Psychic,66,18,15,17,2.0,1.0,-6,1,0,22,17,2,1
Jigglypuff,Normal,126,17,12,10,Exeggutor,Grass,104,36,29,23,1.0,1.0,22,-19,-17,-13,-27,3,0
Tauros,Normal,82,38,33,46,Farfetchd,Normal,60,34,19,25,1.0,1.0,22,4,14,21,61,2,1
Slowpoke,Water,99,24,22,10,Omanyte,Rock,60,15,35,14,2.0,1.0,39,9,-13,-4,31,3,1
Raichu,Electric,66,34,19,46,Aerodactyl,Rock,88,39,22,54,1.0,1.0,-22,-5,-3,-8,-38,2,0
Mr-mime,Psychic,60,17,22,37,Rhyhorn,Ground,88,32,33,10,1.0,1.0,-28,-15,-11,27,-27,3,0
Gloom,Grass,66,24,24,16,Diglett,Ground,60,20,12,39,2.0,0.5,6,4,12,-23,-1,1,1
Scyther,Bug,77,41,28,44,Squirtle,Water,60,18,22,18,1.0,1.0,17,23,6,26,72,2,1
Dragonite,Dragon,100,50,33,33,Weezing,Poison,71,34,42,25,1.0,1.0,29,16,-9,8,44,4,1
Growlithe,Fire,60,26,15,25,Pinsir,Bug,71,47,35,35,2.0,0.5,-11,-21,-20,-10,-62,3,0
Zubat,Poison,60,17,12,23,Clefable,Fairy,104,26,25,25,2.0,0.5,-44,-9,-13,-2,-68,4,0
Sandslash,Ground,82,38,38,27,Poliwag,Water,60,19,14,37,1.0,2.0,22,19,24,-10,55,2,1
Kadabra,Psychic,60,15,12,44,Gloom,Grass,66,24,24,16,1.0,1.0,-6,-9,-12,28,1,2,0
Ditto,Normal,60,18,16,20,Charizard,Fire,85,31,27,42,1.0,1.0,-25,-13,-11,-22,-71,3,0
Starmie,Water,66,28,29,48,Scyther,Bug,77,41,28,44,1.0,1.0,-11,-13,1,4,-19,3,0
Shellder,Water,60,24,35,16,Kabutops,Rock,66,43,36,33,2.0,1.0,-6,-19,-1,-17,-43,3,1
Jynx,Ice,71,19,12,39,Spearow,Normal,60,22,12,29,1.0,1.0,11,-3,0,10,18,3,1
Raticate,Normal,60,30,21,40,Scyther,Bug,77,41,28,44,1.0,1.0,-17,-11,-7,-4,-39,3,0
Electrode,Electric,66,19,24,60,Dugtrio,Ground,60,38,17,50,0.0,2.0,6,-19,7,10,4,2,0
Ninetales,Fire,80,28,26,42,Charizard,Fire,85,31,27,42,0.5,0.5,-5,-3,-1,0,-9,9,0
Zapdos,Electric,99,34,29,42,Kabutops,Rock,66,43,36,33,1.0,1.0,33,-9,-7,9,26,4,1
Seadra,Water,60,24,33,35,Pidgey,Normal,60,17,14,23,1.0,1.0,0,7,19,12,38,3,1
Kakuna,Bug,60,15,17,14,Dragonair,Dragon,67,31,22,29,1.0,1.0,-7,-16,-5,-15,-43,2,0
Seadra,Water,60,24,33,35,Omanyte,Rock,60,15,35,14,2.0,1.0,0,9,-2,21,28,3,1
Rhyhorn,Ground,88,32,33,10,Vulpix,Fire,60,15,14,27,2.0,1.0,28,17,19,-17,47,1,1
Slowbro,Water,104,28,38,12,Magmar,Fire,71,36,19,39,2.0,0.5,33,-8,19,-27,17,2,1
Pidgey,Normal,60,17,14,23,Dodrio,Normal,66,41,24,46,1.0,1.0,-6,-24,-10,-23,-63,2,0
Lickitung,Normal,99,20,26,12,Kadabra,Psychic,60,15,12,44,1.0,1.0,39,5,14,-32,26,3,1
Mankey,Fighting,60,30,12,29,Hypno,Psychic,93,27,24,28,0.5,2.0,-33,3,-12,1,-41,1,0
Slowbro,Water,104,28,38,12,Squirtle,Water,60,18,22,18,0.5,0.5,44,10,16,-6,64,6,1
Drowzee,Psychic,66,18,15,17,Poliwag,Water,60,19,14,37,1.0,1.0,6,-1,1,-20,-14,3,1
Porygon,Normal,71,22,24,16,Charmeleon,Fire,63,24,20,33,1.0,1.0,8,-2,4,-17,-7,4,1
Clefable,Fairy,104,26,25,25,Tauros,Normal,82,38,33,46,1.0,1.0,22,-12,-8,-21,-19,5,0
Raichu,Electric,66,34,19,46,Persian,Normal,71,26,21,48,1.0,1.0,-5,8,-2,-2,-1,3,0
Jigglypuff,Normal,126,17,12,10,Butterfree,Bug,66,17,17,29,1.0,1.0,60,0,-5,-19,36,4,1
Machamp,Fighting,99,49,28,23,Scyther,Bug,77,41,28,44,0.5,0.5,22,8,0,-21,9,6,1
Spearow,Normal,60,22,12,29,Clefairy,Fairy,77,17,16,14,1.0,1.0,-17,5,-4,15,-1,3,0
Marowak,Ground,66,30,38,18,Dragonite,Dragon,100,50,33,33,1.0,1.0,-34,-20,5,-15,-64,4,0
Shellder,Water,60,24,35,16,Venonat,Bug,66,20,17,18,1.0,1.0,-6,4,18,-2,14,3,1
Hitmonlee,Fighting,60,45,18,36,Mankey,Fighting,60,30,12,29,1.0,1.0,0,15,6,7,28,2,1
Gastly,Ghost,60,15,12,33,Aerodactyl,Rock,88,39,22,54,1.0,1.0,-28,-24,-10,-21,-83,2,0
Pinsir,Bug,71,47,35,35,Nidoran-m,Poison,60,21,14,21,0.5,1.0,11,26,21,14,72,3,1
Krabby,Water,60,39,31,21,Magnemite,Electric,60,15,24,18,1.0,2.0,0,24,7,3,34,3,1
Dugtrio,Ground,60,38,17,50,Chansey,Normal,180,15,12,21,1.0,1.0,-120,23,5,29,-63,4,1
Horsea,Water,60,15,24,25,Rapidash,Fire,71,38,24,44,2.0,0.5,-11,-23,0,-19,-53,3,1
Electrode,Electric,66,19,24,60,Vulpix,Fire,60,15,14,27,1.0,1.0,6,4,10,33,53,3,1
Kadabra,Psychic,60,15,12,44,Bulbasaur,Grass,60,18,17,18,1.0,1.0,0,-3,-5,26,18,3,0
Magmar,Fire,71,36,19,39,Haunter,Ghost,60,19,15,39,1.0,1.0,11,17,4,0,32,2,1
Articuno,Ice,99,32,35,35,Kabutops,Rock,66,43,36,33,1.0,2.0,33,-11,-1,2,23,3,0
Golduck,Water,88,31,27,35,Dragonair,Dragon,67,31,22,29,0.5,1.0,21,0,5,6,32,5,0
Jigglypuff,Normal,126,17,12,10,Goldeen,Water,60,25,21,26,1.0,1.0,66,-8,-9,-16,33,5,0
Primeape,Fighting,71,39,21,39,Horsea,Water,60,15,24,25,1.0,1.0,11,24,-3,14,46,3,1
Lickitung,Normal,99,20,26,12,Kadabra,Psychic,60,15,12,44,1.0,1.0,39,5,14,-32,26,3,1
Dratini,Dragon,60,24,15,21,Nidoran-f,Poison,60,17,18,17,1.0,1.0,0,7,-3,4,8,3,1
Zubat,Poison,60,17,12,23,Machop,Fighting,77,30,17,14,1.0,0.5,-17,-13,-5,9,-26,3,0
Gyarados,Water,104,47,27,34,Tauros,Normal,82,38,33,46,1.0,1.0,22,9,-6,-12,13,4,1
Doduo,Normal,60,32,15,31,Venonat,Bug,66,20,17,18,1.0,1.0,-6,12,-2,13,17,3,1
Dragonite,Dragon,100,50,33,33,Venonat,Bug,66,20,17,18,1.0,1.0,34,30,16,15,95,2,1
Drowzee,Psychic,66,18,15,17,Tangela,Grass,71,20,40,25,1.0,1.0,-5,-2,-25,-8,-40,3,0
Krabby,Water,60,39,31,21,Rattata,Normal,60,21,12,30,1.0,1.0,0,18,19,-9,28,2,1
Dugtrio,Ground,60,38,17,50,Pidgeotto,Normal,69,22,19,29,1.0,1.0,-9,16,-2,21,26,3,1
Machoke,Fighting,88,38,24,18,Weedle,Bug,60,15,12,21,0.5,0.5,28,23,12,-3,60,3,1
Kingler,Water,60,49,40,31,Krabby,Water,60,39,31,21,0.5,0.5,0,10,9,10,29,5,1
Kangaskhan,Normal,115,36,28,37,Eevee,Normal,60,20,17,23,1.0,1.0,55,16,11,14,96,2,1
Horsea,Water,60,15,24,25,Ninetales,Fire,80,28,26,42,2.0,0.5,-20,-13,-2,-17,-52,4,1
Weepinbell,Grass,71,34,17,23,Ponyta,Fire,60,32,19,37,0.5,2.0,11,2,-2,-14,-3,2,0
Metapod,Bug,60,15,19,12,Magikarp,Water,60,15,19,33,1.0,1.0,0,0,0,-21,-21,5,0
Exeggutor,Grass,104,36,29,23,Jolteon,Electric,71,24,21,54,1.0,0.5,33,12,8,-31,22,3,1
Dratini,Dragon,60,24,15,21,Sandshrew,Ground,60,28,29,16,1.0,1.0,0,-4,-14,5,-13,3,0
Nidoqueen,Poison,99,34,30,31,Eevee,Normal,60,20,17,23,1.0,1.0,39,14,13,8,74,2,1
Caterpie,Bug,60,15,12,18,Rattata,Normal,60,21,12,30,1.0,1.0,0,-6,0,-12,-18,3,0
Shellder,Water,60,24,35,16,Gastly,Ghost,60,15,12,33,1.0,1.0,0,9,23,-17,15,2,1
Geodude,Rock,60,30,35,10,Pidgeot,Normal,91,30,26,42,1.0,0.5,-31,0,9,-32,-54,5,1
Jynx,Ice,71,19,12,39,Arcanine,Fire,99,41,28,39,0.5,2.0,-28,-22,-16,0,-66,1,0
Charizard,Fire,85,31,27,42,Raticate,Normal,60,30,21,40,1.0,1.0,25,1,6,2,34,3,1
Mewtwo,Psychic,116,41,31,54,Voltorb,Electric,60,15,17,42,1.0,1.0,56,26,14,12,108,2,1
Chansey,Normal,180,15,12,21,Nidoran-f,Poison,60,17,18,17,1.0,1.0,120,-2,-6,4,116,4,1
Pikachu,Electric,60,20,14,37,Omanyte,Rock,60,15,35,14,1.0,1.0,0,5,-21,23,7,4,0
Caterpie,Bug,60,15,12,18,Porygon,Normal,71,22,24,16,1.0,1.0,-11,-7,-12,2,-28,2,0
Koffing,Poison,60,24,33,14,Fearow,Normal,71,34,22,42,1.0,1.0,-11,-10,11,-28,-38,4,0
Gyarados,Water,104,47,27,34,Moltres,Fire,99,38,31,37,2.0,0.5,5,9,-4,-3,7,2,1
Nidoking,Poison,89,38,26,35,Poliwhirl,Water,71,24,22,37,1.0,1.0,18,14,4,-2,34,3,1
Electabuzz,Electric,71,31,19,44,Magikarp,Water,60,15,19,33,2.0,1.0,11,16,0,11,38,2,1
Kabutops,Rock,66,43,36,33,Magikarp,Water,60,15,19,33,1.0,2.0,6,28,17,0,51,2,1
Wigglytuff,Normal,154,26,15,18,Mew,Psychic,110,38,35,42,1.0,1.0,44,-12,-20,-24,-12,4,0
Victreebel,Grass,88,39,22,29,Venusaur,Grass,88,31,29,33,0.5,0.5,0,8,-7,-4,-3,8,0
Venomoth,Bug,77,24,21,37,Farfetchd,Normal,60,34,19,25,1.0,1.0,17,-10,2,12,21,3,1
Bellsprout,Grass,60,28,12,16,Ivysaur,Grass,66,23,22,25,0.5,0.5,-6,5,-10,-9,-20,4,0
Exeggcute,Grass,66,15,28,16,Mr-mime,Psychic,60,17,22,37,1.0,1.0,6,-2,6,-21,-11,5,1
Wigglytuff,Normal,154,26,15,18,Lickitung,Normal,99,20,26,12,1.0,1.0,55,6,-11,6,56,6,1
Tangela,Grass,71,20,40,25,Exeggutor,Grass,104,36,29,23,0.5,0.5,-33,-16,11,2,-36,11,0
Krabby,Water,60,39,31,21,Goldeen,Water,60,25,21,26,0.5,0.5,0,14,10,-5,19,5,1
Bellsprout,Grass,60,28,12,16,Seadra,Water,60,24,33,35,2.0,0.5,0,4,-21,-19,-36,2,1
Eevee,Normal,60,20,17,23,Paras,Bug,60,26,19,10,1.0,1.0,0,-6,-2,13,5,3,0
Mewtwo,Psychic,116,41,31,54,Zubat,Poison,60,17,12,23,2.0,1.0,56,24,19,31,130,1,1
Dewgong,Water,99,26,28,29,Seel,Water,71,17,19,18,0.5,0.5,28,9,9,11,57,7,1
Weedle,Bug,60,15,12,21,Rhydon,Ground,115,49,42,16,1.0,0.5,-55,-34,-30,5,-114,3,0
Weezing,Poison,71,34,42,25,Fearow,Normal,71,34,22,42,1.0,1.0,0,0,20,-17,3,3,1
Kabutops,Rock,66,43,36,33,Bellsprout,Grass,60,28,12,16,1.0,2.0,6,15,24,17,62,1,1
Omanyte,Rock,60,15,35,14,Electrode,Electric,66,19,24,60,1.0,1.0,-6,-4,11,-46,-45,7,0
Eevee,Normal,60,20,17,23,Magikarp,Water,60,15,19,33,1.0,1.0,0,5,-2,-10,-7,4,0
Weepinbell,Grass,71,34,17,23,Weedle,Bug,60,15,12,21,0.5,2.0,11,19,5,2,37,3,1
Ivysaur,Grass,66,23,22,25,Magneton,Electric,60,22,33,29,1.0,0.5,6,1,-11,-4,-8,6,1
Grimer,Poison,88,30,17,10,Ponyta,Fire,60,32,19,37,1.0,1.0,28,-2,-2,-27,-3,3,0
Omastar,Rock,77,22,43,23,Raticate,Normal,60,30,21,40,1.0,0.5,17,-8,22,-17,14,4,1
Mankey,Fighting,60,30,12,29,Goldeen,Water,60,25,21,26,1.0,1.0,0,5,-9,3,-1,2,0
Nidoran-m,Poison,60,21,14,21,Tentacruel,Water,88,26,22,42,1.0,1.0,-28,-5,-8,-21,-62,2,0
Gloom,Grass,66,24,24,16,Tentacruel,Water,88,26,22,42,2.0,0.5,-22,-2,2,-26,-48,3,1
Mewtwo,Psychic,116,41,31,54,Charizard,Fire,85,31,27,42,1.0,1.0,31,10,4,12,57,4,1
Gloom,Grass,66,24,24,16,Doduo,Normal,60,32,15,31,1.0,1.0,6,-8,9,-15,-8,3,0
Persian,Normal,71,26,21,48,Weedle,Bug,60,15,12,21,1.0,1.0,11,11,9,27,58,2,1
Vulpix,Fire,60,15,14,27,Rhydon,Ground,115,49,42,16,1.0,2.0,-55,-34,-28,11,-106,1,0
Kadabra,Psychic,60,15,12,44,Squirtle,Water,60,18,22,18,1.0,1.0,0,-3,-10,26,13,3,0
Flareon,Fire,71,49,21,27,Seaking,Water,88,34,22,28,0.5,2.0,-17,15,-1,-1,-4,2,0
Cubone,Ground,60,19,33,14,Persian,Normal,71,26,21,48,1.0,1.0,-11,-7,12,-34,-40,5,0
Starmie,Water,66,28,29,48,Machoke,Fighting,88,38,24,18,1.0,1.0,-22,-10,5,30,3,3,0
Farfetchd,Normal,60,34,19,25,Electabuzz,Electric,71,31,19,44,1.0,1.0,-11,3,0,-19,-27,3,0
Magikarp,Water,60,15,19,33,Gastly,Ghost,60,15,12,33,1.0,1.0,0,0,7,0,7,3,1
Diglett,Ground,60,20,12,39,Arbok,Poison,66,36,24,33,2.0,0.5,-6,-16,-12,6,-28,3,1
Jigglypuff,Normal,126,17,12,10,Pikachu,Electric,60,20,14,37,1.0,1.0,66,-3,-2,-27,34,4,1
Sandslash,Ground,82,38,38,27,Tentacool,Water,60,15,12,29,1.0,2.0,22,23,26,-2,69,2,1
Lickitung,Normal,99,20,26,12,Grimer,Poison,88,30,17,10,1.0,1.0,11,-10,9,2,12,5,1
Caterpie,Bug,60,15,12,18,Porygon,Normal,71,22,24,16,1.0,1.0,-11,-7,-12,2,-28,3,0
Caterpie,Bug,60,15,12,18,Pidgeotto,Normal,69,22,19,29,1.0,1.0,-9,-7,-7,-11,-34,2,0
Rhyhorn,Ground,88,32,33,10,Weezing,Poison,71,34,42,25,2.0,0.5,17,-2,-9,-15,-9,3,1
Seel,Water,71,17,19,18,Electabuzz,Electric,71,31,19,44,1.0,2.0,0,-14,0,-26,-40,2,0
Rapidash,Fire,71,38,24,44,Nidorina,Poison,77,23,23,23,1.0,1.0,-6,15,1,21,31,3,1
Tangela,Grass,71,20,40,25,Caterpie,Bug,60,15,12,18,0.5,2.0,11,5,28,7,51,5,1
Vileplume,Grass,82,30,29,21,Omanyte,Rock,60,15,35,14,2.0,1.0,22,15,-6,7,38,2,1
Ekans,Poison,60,22,15,23,Exeggutor,Grass,104,36,29,23,2.0,0.5,-44,-14,-14,0,-72,3,0
Dugtrio,Ground,60,38,17,50,Sandshrew,Ground,60,28,29,16,1.0,1.0,0,10,-12,34,32,3,1
Farfetchd,Normal,60,34,19,25,Raichu,Electric,66,34,19,46,1.0,1.0,-6,0,0,-21,-27,3,0
Nidoqueen,Poison,99,34,30,31,Beedrill,Bug,71,34,14,31,1.0,0.5,28,0,16,0,44,2,1
Rattata,Normal,60,21,12,30,Magnemite,Electric,60,15,24,18,1.0,1.0,0,6,-12,12,6,3,0
Paras,Bug,60,26,19,10,Machoke,Fighting,88,38,24,18,0.5,0.5,-28,-12,-5,-8,-53,4,0
Hitmonlee,Fighting,60,45,18,36,Muk,Poison,115,39,26,21,0.5,1.0,-55,6,-8,15,-42,2,0
Raticate,Normal,60,30,21,40,Shellder,Water,60,24,35,16,1.0,1.0,0,6,-14,24,16,4,0
Pikachu,Electric,60,20,14,37,Omanyte,Rock,60,15,35,14,1.0,1.0,0,5,-21,23,7,4,0
Zubat,Poison,60,17,12,23,Magikarp,Water,60,15,19,33,1.0,1.0,0,2,-7,-10,-15,4,0
Drowzee,Psychic,66,18,15,17,Snorlax,Normal,176,41,22,12,1.0,1.0,-110,-23,-7,5,-135,2,0
Tangela,Grass,71,20,40,25,Jynx,Ice,71,19,12,39,1.0,2.0,0,1,28,-14,15,3,1
Lickitung,Normal,99,20,26,12,Kingler,Water,60,49,40,31,1.0,1.0,39,-29,-14,-19,-23,4,0
Dragonair,Dragon,67,31,22,29,Fearow,Normal,71,34,22,42,1.0,1.0,-4,-3,0,-13,-20,3,0
Kingler,Water,60,49,40,31,Magnemite,Electric,60,15,24,18,1.0,2.0,0,34,16,13,63,2,1
Rapidash,Fire,71,38,24,44,Vileplume,Grass,82,30,29,21,2.0,0.5,-11,8,-5,23,15,3,1
Omastar,Rock,77,22,43,23,Haunter,Ghost,60,19,15,39,1.0,1.0,17,3,28,-16,32,3,1
Machop,Fighting,77,30,17,14,Golbat,Poison,82,30,24,37,0.5,1.0,-5,0,-7,-23,-35,3,0
Charmander,Fire,60,19,15,27,Venomoth,Bug,77,24,21,37,2.0,0.5,-17,-5,-6,-10,-38,3,1
Nidorino,Poison,67,27,19,27,Nidoran-f,Poison,60,17,18,17,0.5,0.5,7,10,1,10,28,6,1
Lapras,Water,143,32,28,25,Rattata,Normal,60,21,12,30,1.0,1.0,83,11,16,-5,105,2,1
Dodrio,Normal,66,41,24,46,Psyduck,Water,60,19,16,23,1.0,1.0,6,22,8,23,59,2,1
Tentacruel,Water,88,26,22,42,Pidgey,Normal,60,17,14,23,1.0,1.0,28,9,8,19,64,3,1
Dodrio,Normal,66,41,24,46,Nidorino,Poison,67,27,19,27,1.0,1.0,-1,14,5,19,37,2,1
Tauros,Normal,82,38,33,46,Gyarados,Water,104,47,27,34,1.0,1.0,-22,-9,6,12,-13,4,0
Porygon,Normal,71,22,24,16,Pinsir,Bug,71,47,35,35,1.0,1.0,0,-25,-11,-19,-55,3,0
Weedle,Bug,60,15,12,21,Dodrio,Normal,66,41,24,46,1.0,1.0,-6,-26,-12,-25,-69,2,0
Seel,Water,71,17,19,18,Persian,Normal,71,26,21,48,1.0,1.0,0,-9,-2,-30,-41,3,0
Voltorb,Electric,60,15,17,42,Rhydon,Ground,115,49,42,16,0.0,2.0,-55,-34,-25,26,-88,1,0
Diglett,Ground,60,20,12,39,Slowpoke,Water,99,24,22,10,1.0,2.0,-39,-4,-10,29,-24,1,0
Hitmonlee,Fighting,60,45,18,36,Snorlax,Normal,176,41,22,12,2.0,1.0,-116,4,-4,24,-92,2,0
Ponyta,Fire,60,32,19,37,Kakuna,Bug,60,15,17,14,2.0,0.5,0,17,2,23,42,1,1
Mankey,Fighting,60,30,12,29,Nidoran-m,Poison,60,21,14,21,0.5,1.0,0,9,-2,8,15,3,0
Rhyhorn,Ground,88,32,33,10,Primeape,Fighting,71,39,21,39,1.0,1.0,17,-7,12,-29,-7,3,1
Omanyte,Rock,60,15,35,14,Hitmonlee,Fighting,60,45,18,36,0.5,2.0,0,-30,17,-22,-35,2,0
Blastoise,Water,86,31,35,32,Magmar,Fire,71,36,19,39,2.0,0.5,15,-5,16,-7,19,2,1
Machop,Fighting,77,30,17,14,Wartortle,Water,64,23,28,24,1.0,1.0,13,7,-11,-10,-1,4,0
Seaking,Water,88,34,22,28,Dugtrio,Ground,60,38,17,50,2.0,1.0,28,-4,5,-22,7,1,1
Charmander,Fire,60,19,15,27,Raticate,Normal,60,30,21,40,1.0,1.0,0,-11,-6,-13,-30,2,0
Seadra,Water,60,24,33,35,Horsea,Water,60,15,24,25,0.5,0.5,0,9,9,10,28,8,1
Tentacool,Water,60,15,12,29,Ninetales,Fire,80,28,26,42,2.0,0.5,-20,-13,-14,-13,-60,4,0
Cubone,Ground,60,19,33,14,Wartortle,Water,64,23,28,24,1.0,2.0,-4,-4,5,-10,-13,3,0
Staryu,Water,60,17,19,35,Pidgey,Normal,60,17,14,23,1.0,1.0,0,0,5,12,17,3,1
Venonat,Bug,66,20,17,18,Exeggutor,Grass,104,36,29,23,2.0,0.5,-38,-16,-12,-5,-71,4,0
Grimer,Poison,88,30,17,10,Poliwag,Water,60,19,14,37,1.0,1.0,28,11,3,-27,15,2,1
Magnemite,Electric,60,15,24,18,Caterpie,Bug,60,15,12,18,1.0,1.0,0,0,12,0,12,3,1
Mew,Psychic,110,38,35,42,Jolteon,Electric,71,24,21,54,1.0,1.0,39,14,14,-12,55,3,1
Chansey,Normal,180,15,12,21,Kabuto,Rock,60,30,31,23,0.5,1.0,120,-15,-19,-2,84,5,0
Lickitung,Normal,99,20,26,12,Onix,Rock,60,17,50,29,0.5,1.0,39,3,-24,-17,1,9,0
Kadabra,Psychic,60,15,12,44,Golduck,Water,88,31,27,35,1.0,1.0,-28,-16,-15,9,-50,2,0
Marowak,Ground,66,30,38,18,Wigglytuff,Normal,154,26,15,18,1.0,1.0,-88,4,23,0,-61,5,1
Jigglypuff,Normal,126,17,12,10,Cloyster,Water,60,36,50,29,1.0,1.0,66,-19,-38,-19,-10,3,0
Electrode,Electric,66,19,24,60,Dragonite,Dragon,100,50,33,33,0.5,1.0,-34,-31,-9,27,-47,3,0
Dragonair,Dragon,67,31,22,29,Spearow,Normal,60,22,12,29,1.0,1.0,7,9,10,0,26,2,1
Jolteon,Electric,71,24,21,54,Slowbro,Water,104,28,38,12,2.0,1.0,-33,-4,-17,42,-12,4,0
Drowzee,Psychic,66,18,15,17,Vileplume,Grass,82,30,29,21,1.0,1.0,-16,-12,-14,-4,-46,3,0
Ninetales,Fire,80,28,26,42,Dugtrio,Ground,60,38,17,50,1.0,2.0,20,-10,9,-8,11,2,0
Rapidash,Fire,71,38,24,44,Cloyster,Water,60,36,50,29,0.5,2.0,11,2,-26,15,2,2,0
Seel,Water,71,17,19,18,Magnemite,Electric,60,15,24,18,1.0,2.0,11,2,-5,0,8,3,0
Doduo,Normal,60,32,15,31,Gloom,Grass,66,24,24,16,1.0,1.0,-6,8,-9,15,8,3,1
Pinsir,Bug,71,47,35,35,Tentacool,Water,60,15,12,29,1.0,1.0,11,32,23,6,72,1,1
Arbok,Poison,66,36,24,33,Wartortle,Water,64,23,28,24,1.0,1.0,2,13,-4,9,20,4,1
Growlithe,Fire,60,26,15,25,Parasect,Bug,66,36,28,12,2.0,0.5,-6,-10,-13,13,-16,2,1
Alakazam,Psychic,60,19,15,50,Sandslash,Ground,82,38,38,27,1.0,1.0,-22,-19,-23,23,-41,2,0
Graveler,Rock,60,36,40,14,Electabuzz,Electric,71,31,19,44,1.0,1.0,-11,5,21,-30,-15,3,1
Eevee,Normal,60,20,17,23,Kangaskhan,Normal,115,36,28,37,1.0,1.0,-55,-16,-11,-14,-96,2,0
Clefable,Fairy,104,26,25,25,Jynx,Ice,71,19,12,39,1.0,1.0,33,7,13,-14,39,3,1
Weezing,Poison,71,34,42,25,Vulpix,Fire,60,15,14,27,1.0,1.0,11,19,28,-2,56,2,1
Seaking,Water,88,34,22,28,Charmander,Fire,60,19,15,27,2.0,0.5,28,15,7,1,51,1,1
Kabuto,Rock,60,30,31,23,Nidoran-m,Poison,60,21,14,21,1.0,0.5,0,9,17,2,28,2,1
Tentacruel,Water,88,26,22,42,Ninetales,Fire,80,28,26,42,2.0,0.5,8,-2,-4,0,2,3,1
Zubat,Poison,60,17,12,23,Nidoking,Poison,89,38,26,35,0.5,0.5,-29,-21,-14,-12,-76,3,0
Psyduck,Water,60,19,16,23,Muk,Poison,115,39,26,21,1.0,1.0,-55,-20,-10,2,-83,2,0
Kabuto,Rock,60,30,31,23,Chansey,Normal,180,15,12,21,1.0,0.5,-120,15,19,2,-84,5,1
Oddish,Grass,60,19,19,12,Krabby,Water,60,39,31,21,2.0,0.5,0,-20,-12,-9,-41,3,1
Marowak,Ground,66,30,38,18,Primeape,Fighting,71,39,21,39,1.0,1.0,-5,-9,17,-21,-18,3,1
Primeape,Fighting,71,39,21,39,Slowpoke,Water,99,24,22,10,1.0,1.0,-28,15,-1,29,15,4,1
Nidoking,Poison,89,38,26,35,Machamp,Fighting,99,49,28,23,1.0,0.5,-10,-11,-2,12,-11,5,1
Magikarp,Water,60,15,19,33,Ponyta,Fire,60,32,19,37,2.0,0.5,0,-17,0,-4,-21,3,1
Ditto,Normal,60,18,16,20,Golbat,Poison,82,30,24,37,1.0,1.0,-22,-12,-8,-17,-59,2,0
Venusaur,Grass,88,31,29,33,Dratini,Dragon,60,24,15,21,0.5,1.0,28,7,14,12,61,4,1
Dragonite,Dragon,100,50,33,33,Magmar,Fire,71,36,19,39,1.0,0.5,29,14,14,-6,51,2,1
Oddish,Grass,60,19,19,12,Hitmonchan,Fighting,60,39,27,31,1.0,1.0,0,-20,-8,-19,-47,2,0
Cloyster,Water,60,36,50,29,Voltorb,Electric,60,15,17,42,1.0,2.0,0,21,33,-13,41,2,1
Vaporeon,Water,143,24,21,27,Venusaur,Grass,88,31,29,33,0.5,2.0,55,-7,-8,-6,34,3,0
Cubone,Ground,60,19,33,14,Magmar,Fire,71,36,19,39,2.0,1.0,-11,-17,14,-25,-39,2,1
Gloom,Grass,66,24,24,16,Poliwhirl,Water,71,24,22,37,2.0,0.5,-5,0,2,-21,-24,2,1
Victreebel,Grass,88,39,22,29,Exeggcute,Grass,66,15,28,16,0.5,0.5,22,24,-6,13,53,7,1
Electabuzz,Electric,71,31,19,44,Eevee,Normal,60,20,17,23,1.0,1.0,11,11,2,21,45,2,1
Spearow,Normal,60,22,12,29,Charmander,Fire,60,19,15,27,1.0,1.0,0,3,-3,2,2,3,1
Weepinbell,Grass,71,34,17,23,Grimer,Poison,88,30,17,10,0.5,2.0,-17,4,0,13,0,2,0
Gastly,Ghost,60,15,12,33,Mewtwo,Psychic,116,41,31,54,2.0,1.0,-56,-26,-19,-21,-122,1,0
Goldeen,Water,60,25,21,26,Dragonair,Dragon,67,31,22,29,0.5,1.0,-7,-6,-1,-3,-17,3,0
Charizard,Fire,85,31,27,42,Mewtwo,Psychic,116,41,31,54,1.0,1.0,-31,-10,-4,-12,-57,4,0
Kingler,Water,60,49,40,31,Farfetchd,Normal,60,34,19,25,1.0,1.0,0,15,21,6,42,2,1
Ditto,Normal,60,18,16,20,Dodrio,Normal,66,41,24,46,1.0,1.0,-6,-23,-8,-26,-63,2,0
Weepinbell,Grass,71,34,17,23,Seadra,Water,60,24,33,35,2.0,0.5,11,10,-16,-12,-7,2,1
Farfetchd,Normal,60,34,19,25,Bellsprout,Grass,60,28,12,16,1.0,1.0,0,6,7,9,22,2,1
Poliwag,Water,60,19,14,37,Paras,Bug,60,26,19,10,1.0,1.0,0,-7,-5,27,15,2,0
Nidoqueen,Poison,99,34,30,31,Staryu,Water,60,17,19,35,1.0,1.0,39,17,11,-4,63,2,1
Muk,Poison,115,39,26,21,Hypno,Psychic,93,27,24,28,1.0,2.0,22,12,2,-7,29,4,0
Sandslash,Ground,82,38,38,27,Gengar,Ghost,66,24,21,46,1.0,1.0,16,14,17,-19,28,3,1
Farfetchd,Normal,60,34,19,25,Snorlax,Normal,176,41,22,12,1.0,1.0,-116,-7,-3,13,-113,2,0
Squirtle,Water,60,18,22,18,Poliwhirl,Water,71,24,22,37,0.5,0.5,-11,-6,0,-19,-36,7,0
Nidorina,Poison,77,23,23,23,Kangaskhan,Normal,115,36,28,37,1.0,1.0,-38,-13,-5,-14,-70,3,0
Paras,Bug,60,26,19,10,Drowzee,Psychic,66,18,15,17,2.0,1.0,-6,8,4,-7,-1,2,1
Ekans,Poison,60,22,15,23,Articuno,Ice,99,32,35,35,1.0,1.0,-39,-10,-20,-12,-81,2,0
Gyarados,Water,104,47,27,34,Moltres,Fire,99,38,31,37,2.0,0.5,5,9,-4,-3,7,3,1
Lickitung,Normal,99,20,26,12,Machamp,Fighting,99,49,28,23,1.0,2.0,0,-29,-2,-11,-42,2,0
Mr-mime,Psychic,60,17,22,37,Slowpoke,Water,99,24,22,10,1.0,1.0,-39,-7,0,27,-19,4,0
Slowbro,Water,104,28,38,12,Kingler,Water,60,49,40,31,0.5,0.5,44,-21,-2,-19,2,11,0
Machamp,Fighting,99,49,28,23,Parasect,Bug,66,36,28,12,0.5,0.5,33,13,0,11,57,6,1
Dugtrio,Ground,60,38,17,50,Nidoran-m,Poison,60,21,14,21,2.0,0.5,0,17,3,29,49,1,1
Doduo,Normal,60,32,15,31,Ekans,Poison,60,22,15,23,1.0,1.0,0,10,0,8,18,2,1
Slowbro,Water,104,28,38,12,Golbat,Poison,82,30,24,37,1.0,1.0,22,-2,14,-25,9,5,1
Gengar,Ghost,66,24,21,46,Bulbasaur,Grass,60,18,17,18,1.0,1.0,6,6,4,28,44,3,1
Slowbro,Water,104,28,38,12,Omastar,Rock,77,22,43,23,2.0,1.0,27,6,-5,-11,17,4,1
Nidoran-f,Poison,60,17,18,17,Sandshrew,Ground,60,28,29,16,0.5,2.0,0,-11,-11,1,-21,2,0
Zubat,Poison,60,17,12,23,Pinsir,Bug,71,47,35,35,1.0,0.5,-11,-30,-23,-12,-76,3,0
Scyther,Bug,77,41,28,44,Nidoran-f,Poison,60,17,18,17,0.5,1.0,17,24,10,27,78,4,1
Slowpoke,Water,99,24,22,10,Zapdos,Electric,99,34,29,42,1.0,2.0,0,-10,-7,-32,-49,2,0
Rattata,Normal,60,21,12,30,Paras,Bug,60,26,19,10,1.0,1.0,0,-5,-7,20,8,2,0
Abra,Psychic,60,15,12,37,Victreebel,Grass,88,39,22,29,1.0,1.0,-28,-24,-10,8,-54,2,0
Machamp,Fighting,99,49,28,23,Horsea,Water,60,15,24,25,1.0,1.0,39,34,4,-2,75,2,1
Alakazam,Psychic,60,19,15,50,Geodude,Rock,60,30,35,10,1.0,1.0,0,-11,-20,40,9,2,0
Electabuzz,Electric,71,31,19,44,Victreebel,Grass,88,39,22,29,0.5,1.0,-17,-8,-3,15,-13,3,0
Kadabra,Psychic,60,15,12,44,Magneton,Electric,60,22,33,29,1.0,1.0,0,-7,-21,15,-13,2,0
Marowak,Ground,66,30,38,18,Ponyta,Fire,60,32,19,37,2.0,1.0,6,-2,19,-19,4,2,1
Weezing,Poison,71,34,42,25,Poliwrath,Water,99,36,33,29,1.0,1.0,-28,-2,9,-4,-25,5,0
Nidoran-f,Poison,60,17,18,17,Venonat,Bug,66,20,17,18,1.0,0.5,-6,-3,1,-1,-9,4,1
Dugtrio,Ground,60,38,17,50,Hypno,Psychic,93,27,24,28,1.0,1.0,-33,11,-7,22,-7,3,0
Golduck,Water,88,31,27,35,Arbok,Poison,66,36,24,33,1.0,1.0,22,-5,3,2,22,4,1
Diglett,Ground,60,20,12,39,Charmander,Fire,60,19,15,27,2.0,1.0,0,1,-3,12,10,2,1
Jolteon,Electric,71,24,21,54,Jynx,Ice,71,19,12,39,1.0,1.0,0,5,9,15,29,3,1
Slowpoke,Water,99,24,22,10,Caterpie,Bug,60,15,12,18,1.0,1.0,39,9,10,-8,50,2,1
Zapdos,Electric,99,34,29,42,Machamp,Fighting,99,49,28,23,1.0,1.0,0,-15,1,19,5,4,0
Wigglytuff,Normal,154,26,15,18,Nidoqueen,Poison,99,34,30,31,1.0,1.0,55,-8,-15,-13,19,5,0
Bulbasaur,Grass,60,18,17,18,Ninetales,Fire,80,28,26,42,0.5,2.0,-20,-10,-9,-24,-63,2,0
Zapdos,Electric,99,34,29,42,Gyarados,Water,104,47,27,34,2.0,1.0,-5,-13,2,8,-8,3,1
Tentacool,Water,60,15,12,29,Seaking,Water,88,34,22,28,0.5,0.5,-28,-19,-10,1,-56,3,0
Vulpix,Fire,60,15,14,27,Wigglytuff,Normal,154,26,15,18,1.0,1.0,-94,-11,-1,9,-97,3,0
Muk,Poison,115,39,26,21,Aerodactyl,Rock,88,39,22,54,0.5,1.0,27,0,4,-33,-2,5,0
Onix,Rock,60,17,50,29,Ivysaur,Grass,66,23,22,25,1.0,2.0,-6,-6,28,4,20,4,0
Krabby,Water,60,39,31,21,Doduo,Normal,60,32,15,31,1.0,1.0,0,7,16,-10,13,2,1
Exeggutor,Grass,104,36,29,23,Squirtle,Water,60,18,22,18,2.0,0.5,44,18,7,5,74,2,1
Vulpix,Fire,60,15,14,27,Paras,Bug,60,26,19,10,2.0,0.5,0,-11,-5,17,1,3,1
Machamp,Fighting,99,49,28,23,Magmar,Fire,71,36,19,39,1.0,1.0,28,13,9,-16,34,2,1
Rhyhorn,Ground,88,32,33,10,Tauros,Normal,82,38,33,46,1.0,1.0,6,-6,0,-36,-36,5,0
Wigglytuff,Normal,154,26,15,18,Hitmonchan,Fighting,60,39,27,31,1.0,2.0,94,-13,-12,-13,56,2,0
Raichu,Electric,66,34,19,46,Mew,Psychic,110,38,35,42,1.0,1.0,-44,-4,-16,4,-60,3,0
Growlithe,Fire,60,26,15,25,Hypno,Psychic,93,27,24,28,1.0,1.0,-33,-1,-9,-3,-46,3,0
Aerodactyl,Rock,88,39,22,54,Wigglytuff,Normal,154,26,15,18,1.0,0.5,-66,13,7,36,-10,4,1
Gloom,Grass,66,24,24,16,Seaking,Water,88,34,22,28,2.0,0.5,-22,-10,2,-12,-42,3,1
Golduck,Water,88,31,27,35,Pidgeotto,Normal,69,22,19,29,1.0,1.0,19,9,8,6,42,3,1
Seadra,Water,60,24,33,35,Kabuto,Rock,60,30,31,23,2.0,1.0,0,-6,2,12,8,3,1
Abra,Psychic,60,15,12,37,Grimer,Poison,88,30,17,10,2.0,1.0,-28,-15,-5,27,-21,2,0
Ditto,Normal,60,18,16,20,Growlithe,Fire,60,26,15,25,1.0,1.0,0,-8,1,-5,-12,3,0
Ditto,Normal,60,18,16,20,Nidoran-m,Poison,60,21,14,21,1.0,1.0,0,-3,2,-1,-2,3,1
Gloom,Grass,66,24,24,16,Abra,Psychic,60,15,12,37,1.0,1.0,6,9,12,-21,6,2,1
Rhyhorn,Ground,88,32,33,10,Dragonair,Dragon,67,31,22,29,1.0,1.0,21,1,11,-19,14,3,1
Charizard,Fire,85,31,27,42,Arcanine,Fire,99,41,28,39,0.5,0.5,-14,-10,-1,3,-22,8,0
Jolteon,Electric,71,24,21,54,Alakazam,Psychic,60,19,15,50,1.0,1.0,11,5,6,4,26,3,1
Nidorino,Poison,67,27,19,27,Wartortle,Water,64,23,28,24,1.0,1.0,3,4,-9,3,1,4,1
Bulbasaur,Grass,60,18,17,18,Alakazam,Psychic,60,19,15,50,1.0,1.0,0,-1,2,-32,-31,3,1
Mankey,Fighting,60,30,12,29,Beedrill,Bug,71,34,14,31,0.5,0.5,-11,-4,-2,-2,-19,3,0
Poliwhirl,Water,71,24,22,37,Hitmonlee,Fighting,60,45,18,36,1.0,1.0,11,-21,4,1,-5,3,1
Omanyte,Rock,60,15,35,14,Charmeleon,Fire,63,24,20,33,2.0,0.5,-3,-9,15,-19,-16,3,1
Poliwhirl,Water,71,24,22,37,Machoke,Fighting,88,38,24,18,1.0,1.0,-17,-14,-2,19,-14,3,0
Venusaur,Grass,88,31,29,33,Raticate,Normal,60,30,21,40,1.0,1.0,28,1,8,-7,30,3,1
Ditto,Normal,60,18,16,20,Staryu,Water,60,17,19,35,1.0,1.0,0,1,-3,-15,-17,4,0
Beedrill,Bug,71,34,14,31,Machop,Fighting,77,30,17,14,0.5,0.5,-6,4,-3,17,12,5,0
Hitmonchan,Fighting,60,39,27,31,Dragonair,Dragon,67,31,22,29,1.0,1.0,-7,8,5,2,8,3,1
Magikarp,Water,60,15,19,33,Omanyte,Rock,60,15,35,14,2.0,1.0,0,0,-16,19,3,4,1
Tentacruel,Water,88,26,22,42,Electrode,Electric,66,19,24,60,1.0,2.0,22,7,-2,-18,9,4,0
Kabutops,Rock,66,43,36,33,Oddish,Grass,60,19,19,12,1.0,2.0,6,24,17,21,68,2,1
Snorlax,Normal,176,41,22,12,Nidoran-m,Poison,60,21,14,21,1.0,1.0,116,20,8,-9,135,2,1
Hitmonchan,Fighting,60,39,27,31,Omastar,Rock,77,22,43,23,2.0,0.5,-17,17,-16,8,-8,3,1
Kakuna,Bug,60,15,17,14,Sandslash,Ground,82,38,38,27,1.0,0.5,-22,-23,-21,-13,-79,4,0
Doduo,Normal,60,32,15,31,Machamp,Fighting,99,49,28,23,1.0,2.0,-39,-17,-13,8,-61,1,0
Kabuto,Rock,60,30,31,23,Beedrill,Bug,71,34,14,31,2.0,1.0,-11,-4,17,-8,-6,2,1
Lickitung,Normal,99,20,26,12,Alakazam,Psychic,60,19,15,50,1.0,1.0,39,1,11,-38,13,3,1
Jolteon,Electric,71,24,21,54,Electrode,Electric,66,19,24,60,0.5,0.5,5,5,-3,-6,1,8,1
Kangaskhan,Normal,115,36,28,37,Machop,Fighting,77,30,17,14,1.0,2.0,38,6,11,23,78,3,1
Lapras,Water,143,32,28,25,Oddish,Grass,60,19,19,12,0.5,2.0,83,13,9,13,118,5,1
Zubat,Poison,60,17,12,23,Tauros,Normal,82,38,33,46,1.0,1.0,-22,-21,-21,-23,-87,2,0
Seel,Water,71,17,19,18,Weedle,Bug,60,15,12,21,1.0,1.0,11,2,7,-3,17,3,1
Grimer,Poison,88,30,17,10,Graveler,Rock,60,36,40,14,0.5,1.0,28,-6,-23,-4,-5,3,0
Rattata,Normal,60,21,12,30,Wartortle,Water,64,23,28,24,1.0,1.0,-4,-2,-16,6,-16,3,0
Mr-mime,Psychic,60,17,22,37,Nidoran-m,Poison,60,21,14,21,2.0,1.0,0,-4,8,16,20,2,1
Exeggcute,Grass,66,15,28,16,Charmeleon,Fire,63,24,20,33,0.5,2.0,3,-9,8,-17,-15,3,0
Rapidash,Fire,71,38,24,44,Rattata,Normal,60,21,12,30,1.0,1.0,11,17,12,14,54,2,1
Nidoqueen,Poison,99,34,30,31,Weezing,Poison,71,34,42,25,0.5,0.5,28,0,-12,6,22,11,1
Ninetales,Fire,80,28,26,42,Porygon,Normal,71,22,24,16,1.0,1.0,9,6,2,26,43,4,1
Zapdos,Electric,99,34,29,42,Magmar,Fire,71,36,19,39,1.0,1.0,28,-2,10,3,39,3,1
Porygon,Normal,71,22,24,16,Dodrio,Normal,66,41,24,46,1.0,1.0,5,-19,0,-30,-44,3,0
Raichu,Electric,66,34,19,46,Poliwhirl,Water,71,24,22,37,2.0,1.0,-5,10,-3,9,11,2,1
Hitmonlee,Fighting,60,45,18,36,Dugtrio,Ground,60,38,17,50,1.0,1.0,0,7,1,-14,-6,2,0
Moltres,Fire,99,38,31,37,Venusaur,Grass,88,31,29,33,2.0,0.5,11,7,2,4,24,3,1
Onix,Rock,60,17,50,29,Dugtrio,Ground,60,38,17,50,0.5,2.0,0,-21,33,-21,-9,3,0
Aerodactyl,Rock,88,39,22,54,Zubat,Poison,60,17,12,23,1.0,0.5,28,22,10,31,91,2,1
Alakazam,Psychic,60,19,15,50,Bulbasaur,Grass,60,18,17,18,1.0,1.0,0,1,-2,32,31,4,1
Eevee,Normal,60,20,17,23,Metapod,Bug,60,15,19,12,1.0,1.0,0,5,-2,11,14,4,1
Vaporeon,Water,143,24,21,27,Haunter,Ghost,60,19,15,39,1.0,1.0,83,5,6,-12,82,3,1
Muk,Poison,115,39,26,21,Spearow,Normal,60,22,12,29,1.0,1.0,55,17,14,-8,78,2,1
Snorlax,Normal,176,41,22,12,Primeape,Fighting,71,39,21,39,1.0,2.0,105,2,1,-27,81,3,0
Kingler,Water,60,49,40,31,Dodrio,Normal,66,41,24,46,1.0,1.0,-6,8,16,-15,3,3,1
Magikarp,Water,60,15,19,33,Blastoise,Water,86,31,35,32,0.5,0.5,-26,-16,-16,1,-57,5,0
Ponyta,Fire,60,32,19,37,Rattata,Normal,60,21,12,30,1.0,1.0,0,11,7,7,25,2,1
Jolteon,Electric,71,24,21,54,Marowak,Ground,66,30,38,18,0.0,2.0,5,-6,-17,36,18,2,0
Ponyta,Fire,60,32,19,37,Ninetales,Fire,80,28,26,42,0.5,0.5,-20,4,-7,-5,-28,5,0
Poliwrath,Water,99,36,33,29,Sandshrew,Ground,60,28,29,16,2.0,1.0,39,8,4,13,64,2,1
Zapdos,Electric,99,34,29,42,Electrode,Electric,66,19,24,60,0.5,0.5,33,15,5,-18,35,6,1
Raichu,Electric,66,34,19,46,Geodude,Rock,60,30,35,10,1.0,1.0,6,4,-16,36,30,3,0
Mankey,Fighting,60,30,12,29,Scyther,Bug,77,41,28,44,0.5,0.5,-17,-11,-16,-15,-59,3,0
Voltorb,Electric,60,15,17,42,Nidorino,Poison,67,27,19,27,1.0,1.0,-7,-12,-2,15,-6,3,0
Moltres,Fire,99,38,31,37,Kadabra,Psychic,60,15,12,44,1.0,1.0,39,23,19,-7,74,2,1
Arbok,Poison,66,36,24,33,Blastoise,Water,86,31,35,32,1.0,1.0,-20,5,-11,1,-25,4,0
Cloyster,Water,60,36,50,29,Weedle,Bug,60,15,12,21,1.0,1.0,0,21,38,8,67,2,1
Hitmonlee,Fighting,60,45,18,36,Magikarp,Water,60,15,19,33,1.0,1.0,0,30,-1,3,32,2,1
Muk,Poison,115,39,26,21,Gengar,Ghost,66,24,21,46,0.5,1.0,49,15,5,-25,44,5,1
Vaporeon,Water,143,24,21,27,Rattata,Normal,60,21,12,30,1.0,1.0,83,3,9,-3,92,2,1
Primeape,Fighting,71,39,21,39,Ninetales,Fire,80,28,26,42,1.0,1.0,-9,11,-5,-3,-6,4,0
Slowpoke,Water,99,24,22,10,Charmander,Fire,60,19,15,27,2.0,0.5,39,5,7,-17,34,2,1
Butterfree,Bug,66,17,17,29,Seel,Water,71,17,19,18,1.0,1.0,-5,0,-2,11,4,4,0
Parasect,Bug,66,36,28,12,Tangela,Grass,71,20,40,25,2.0,0.5,-5,16,-12,-13,-14,3,1
Lapras,Water,143,32,28,25,Shellder,Water,60,24,35,16,0.5,0.5,83,8,-7,9,93,8,1
Abra,Psychic,60,15,12,37,Poliwhirl,Water,71,24,22,37,1.0,1.0,-11,-9,-10,0,-30,2,0
Vulpix,Fire,60,15,14,27,Blastoise,Water,86,31,35,32,0.5,2.0,-26,-16,-21,-5,-68,1,0
Pidgeotto,Normal,69,22,19,29,Poliwhirl,Water,71,24,22,37,1.0,1.0,-2,-2,-3,-8,-15,4,0
Horsea,Water,60,15,24,25,Shellder,Water,60,24,35,16,0.5,0.5,0,-9,-11,9,-11,7,0
Mankey,Fighting,60,30,12,29,Vileplume,Grass,82,30,29,21,1.0,1.0,-22,0,-17,8,-31,2,0
Nidorina,Poison,77,23,23,23,Mew,Psychic,110,38,35,42,1.0,2.0,-33,-15,-12,-19,-79,2,0
Weedle,Bug,60,15,12,21,Tentacool,Water,60,15,12,29,1.0,1.0,0,0,0,-8,-8,4,0
Tauros,Normal,82,38,33,46,Seaking,Water,88,34,22,28,1.0,1.0,-6,4,11,18,27,3,1
Magneton,Electric,60,22,33,29,Golbat,Poison,82,30,24,37,1.0,1.0,-22,-8,9,-8,-29,4,0
Metapod,Bug,60,15,19,12,Sandslash,Ground,82,38,38,27,1.0,0.5,-22,-23,-19,-15,-79,4,0
Ditto,Normal,60,18,16,20,Eevee,Normal,60,20,17,23,1.0,1.0,0,-2,-1,-3,-6,3,0
Mr-mime,Psychic,60,17,22,37,Flareon,Fire,71,49,21,27,1.0,1.0,-11,-32,1,10,-32,2,0
Clefairy,Fairy,77,17,16,14,Nidoran-m,Poison,60,21,14,21,0.5,2.0,17,-4,2,-7,8,2,0
Geodude,Rock,60,30,35,10,Poliwrath,Water,99,36,33,29,1.0,2.0,-39,-6,2,-19,-62,2,0
Slowpoke,Water,99,24,22,10,Magneton,Electric,60,22,33,29,1.0,2.0,39,2,-11,-19,11,3,0
Tauros,Normal,82,38,33,46,Meowth,Normal,60,17,12,37,1.0,1.0,22,21,21,9,73,2,1
Clefairy,Fairy,77,17,16,14,Exeggcute,Grass,66,15,28,16,1.0,1.0,11,2,-12,-2,-1,5,0
Rattata,Normal,60,21,12,30,Poliwhirl,Water,71,24,22,37,1.0,1.0,-11,-3,-10,-7,-31,2,0
Exeggutor,Grass,104,36,29,23,Seel,Water,71,17,19,18,2.0,0.5,33,19,10,5,67,2,1
Pidgeotto,Normal,69,22,19,29,Wigglytuff,Normal,154,26,15,18,1.0,1.0,-85,-4,4,11,-74,3,0
Persian,Normal,71,26,21,48,Pikachu,Electric,60,20,14,37,1.0,1.0,11,6,7,11,35,3,1
Clefairy,Fairy,77,17,16,14,Tangela,Grass,71,20,40,25,1.0,1.0,6,-3,-24,-11,-32,4,0
Krabby,Water,60,39,31,21,Psyduck,Water,60,19,16,23,0.5,0.5,0,20,15,-2,33,3,1
Cubone,Ground,60,19,33,14,Hitmonchan,Fighting,60,39,27,31,1.0,1.0,0,-20,6,-17,-31,4,0
Ninetales,Fire,80,28,26,42,Gengar,Ghost,66,24,21,46,1.0,1.0,14,4,5,-4,19,3,1
Golbat,Poison,82,30,24,37,Vileplume,Grass,82,30,29,21,2.0,0.5,0,0,-5,16,11,3,1
Omastar,Rock,77,22,43,23,Pidgey,Normal,60,17,14,23,1.0,0.5,17,5,29,0,51,3,1
Starmie,Water,66,28,29,48,Electabuzz,Electric,71,31,19,44,1.0,2.0,-5,-3,10,4,6,2,0
Eevee,Normal,60,20,17,23,Rapidash,Fire,71,38,24,44,1.0,1.0,-11,-18,-7,-21,-57,2,0
Omastar,Rock,77,22,43,23,Arbok,Poison,66,36,24,33,1.0,0.5,11,-14,19,-10,6,5,1
Slowbro,Water,104,28,38,12,Ivysaur,Grass,66,23,22,25,0.5,2.0,38,5,16,-13,46,5,0
Machop,Fighting,77,30,17,14,Ivysaur,Grass,66,23,22,25,1.0,1.0,11,7,-5,-11,2,3,1
Electrode,Electric,66,19,24,60,Lickitung,Normal,99,20,26,12,1.0,1.0,-33,-1,-2,48,12,5,0
Mr-mime,Psychic,60,17,22,37,Kadabra,Psychic,60,15,12,44,0.5,0.5,0,2,10,-7,5,5,1
Graveler,Rock,60,36,40,14,Abra,Psychic,60,15,12,37,1.0,1.0,0,21,28,-23,26,2,1
Hypno,Psychic,93,27,24,28,Charmeleon,Fire,63,24,20,33,1.0,1.0,30,3,4,-5,32,3,1
Venusaur,Grass,88,31,29,33,Porygon,Normal,71,22,24,16,1.0,1.0,17,9,5,17,48,4,1
Sandslash,Ground,82,38,38,27,Starmie,Water,66,28,29,48,1.0,2.0,16,10,9,-21,14,4,0
Tangela,Grass,71,20,40,25,Wigglytuff,Normal,154,26,15,18,1.0,1.0,-83,-6,25,7,-57,7,0
Weezing,Poison,71,34,42,25,Jolteon,Electric,71,24,21,54,1.0,1.0,0,10,21,-29,2,3,1
Psyduck,Water,60,19,16,23,Arcanine,Fire,99,41,28,39,2.0,0.5,-39,-22,-12,-16,-89,3,0
Raticate,Normal,60,30,21,40,Ninetales,Fire,80,28,26,42,1.0,1.0,-20,2,-5,-2,-25,3,0
Victreebel,Grass,88,39,22,29,Raticate,Normal,60,30,21,40,1.0,1.0,28,9,1,-11,27,3,1
Magmar,Fire,71,36,19,39,Clefable,Fairy,104,26,25,25,1.0,0.5,-33,10,-6,14,-15,5,1
Butterfree,Bug,66,17,17,29,Kingler,Water,60,49,40,31,1.0,1.0,6,-32,-23,-2,-51,2,0
Dragonair,Dragon,67,31,22,29,Sandshrew,Ground,60,28,29,16,1.0,1.0,7,3,-7,13,16,4,1
Vulpix,Fire,60,15,14,27,Seel,Water,71,17,19,18,0.5,2.0,-11,-2,-5,9,-9,2,0
Snorlax,Normal,176,41,22,12,Bellsprout,Grass,60,28,12,16,1.0,1.0,116,13,10,-4,135,1,1
Rapidash,Fire,71,38,24,44,Weepinbell,Grass,71,34,17,23,2.0,0.5,0,4,7,21,32,1,1
Clefable,Fairy,104,26,25,25,Psyduck,Water,60,19,16,23,1.0,1.0,44,7,9,2,62,3,1
Beedrill,Bug,71,34,14,31,Dragonair,Dragon,67,31,22,29,1.0,1.0,4,3,-8,2,1,2,0
Ekans,Poison,60,22,15,23,Koffing,Poison,60,24,33,14,0.5,0.5,0,-2,-18,9,-11,5,0
Farfetchd,Normal,60,34,19,25,Arcanine,Fire,99,41,28,39,1.0,1.0,-39,-7,-9,-14,-69,2,0
Golduck,Water,88,31,27,35,Alakazam,Psychic,60,19,15,50,1.0,1.0,28,12,12,-15,37,2,1
Graveler,Rock,60,36,40,14,Rapidash,Fire,71,38,24,44,2.0,0.5,-11,-2,16,-30,-27,2,1
Poliwhirl,Water,71,24,22,37,Pikachu,Electric,60,20,14,37,1.0,2.0,11,4,8,0,23,3,1
Jigglypuff,Normal,126,17,12,10,Exeggutor,Grass,104,36,29,23,1.0,1.0,22,-19,-17,-13,-27,3,0
Onix,Rock,60,17,50,29,Primeape,Fighting,71,39,21,39,0.5,2.0,-11,-22,29,-10,-14,3,0
Venomoth,Bug,77,24,21,37,Poliwag,Water,60,19,14,37,1.0,1.0,17,5,7,0,29,3,1
Sandslash,Ground,82,38,38,27,Spearow,Normal,60,22,12,29,1.0,1.0,22,16,26,-2,62,2,1
Abra,Psychic,60,15,12,37,Beedrill,Bug,71,34,14,31,1.0,2.0,-11,-19,-2,6,-26,1,0
Sandslash,Ground,82,38,38,27,Onix,Rock,60,17,50,29,2.0,0.5,22,21,-12,-2,29,2,1
Arcanine,Fire,99,41,28,39,Growlithe,Fire,60,26,15,25,0.5,0.5,39,15,13,14,81,3,1
Drowzee,Psychic,66,18,15,17,Vileplume,Grass,82,30,29,21,1.0,1.0,-16,-12,-14,-4,-46,2,0
Jynx,Ice,71,19,12,39,Charmander,Fire,60,19,15,27,0.5,2.0,11,0,-3,12,20,2,0
Mewtwo,Psychic,116,41,31,54,Staryu,Water,60,17,19,35,1.0,1.0,56,24,12,19,111,2,1
Mewtwo,Psychic,116,41,31,54,Wartortle,Water,64,23,28,24,1.0,1.0,52,18,3,30,103,3,1
Diglett,Ground,60,20,12,39,Bulbasaur,Grass,60,18,17,18,0.5,2.0,0,2,-5,21,18,2,0
Clefable,Fairy,104,26,25,25,Gyarados,Water,104,47,27,34,1.0,1.0,0,-21,-2,-9,-32,4,0
Electrode,Electric,66,19,24,60,Sandslash,Ground,82,38,38,27,0.0,2.0,-16,-19,-14,33,-16,2,0
Vaporeon,Water,143,24,21,27,Marowak,Ground,66,30,38,18,2.0,1.0,77,-6,-17,9,63,4,1
Weepinbell,Grass,71,34,17,23,Exeggutor,Grass,104,36,29,23,0.5,0.5,-33,-2,-12,0,-47,5,0
Arbok,Poison,66,36,24,33,Chansey,Normal,180,15,12,21,1.0,1.0,-114,21,12,12,-69,4,1
Wigglytuff,Normal,154,26,15,18,Hitmonlee,Fighting,60,45,18,36,1.0,2.0,94,-19,-3,-18,54,2,0
Bellsprout,Grass,60,28,12,16,Psyduck,Water,60,19,16,23,2.0,0.5,0,9,-4,-7,-2,2,1
Charmeleon,Fire,63,24,20,33,Diglett,Ground,60,20,12,39,1.0,2.0,3,4,8,-6,9,2,0
Rhyhorn,Ground,88,32,33,10,Magmar,Fire,71,36,19,39,2.0,1.0,17,-4,14,-29,-2,2,1
Rhyhorn,Ground,88,32,33,10,Lapras,Water,143,32,28,25,1.0,2.0,-55,0,5,-15,-65,3,0
Horsea,Water,60,15,24,25,Sandshrew,Ground,60,28,29,16,2.0,1.0,0,-13,-5,9,-9,4,1
Butterfree,Bug,66,17,17,29,Geodude,Rock,60,30,35,10,1.0,2.0,6,-13,-18,19,-6,2,0
Gengar,Ghost,66,24,21,46,Weedle,Bug,60,15,12,21,1.0,0.5,6,9,9,25,49,2,1
Vaporeon,Water,143,24,21,27,Sandshrew,Ground,60,28,29,16,2.0,1.0,83,-4,-8,11,82,3,1
Hypno,Psychic,93,27,24,28,Exeggcute,Grass,66,15,28,16,1.0,1.0,27,12,-4,12,47,4,1
Golduck,Water,88,31,27,35,Fearow,Normal,71,34,22,42,1.0,1.0,17,-3,5,-7,12,4,1
Weedle,Bug,60,15,12,21,Jigglypuff,Normal,126,17,12,10,1.0,1.0,-66,-2,0,11,-57,3,0
Chansey,Normal,180,15,12,21,Ponyta,Fire,60,32,19,37,1.0,1.0,120,-17,-7,-16,80,5,0
Staryu,Water,60,17,19,35,Horsea,Water,60,15,24,25,0.5,0.5,0,2,-5,10,7,9,0
Omanyte,Rock,60,15,35,14,Kingler,Water,60,49,40,31,1.0,2.0,0,-34,-5,-17,-56,2,0
Kabuto,Rock,60,30,31,23,Magneton,Electric,60,22,33,29,1.0,1.0,0,8,-2,-6,0,4,1
Ivysaur,Grass,66,23,22,25,Kadabra,Psychic,60,15,12,44,1.0,1.0,6,8,10,-19,5,2,1
Electabuzz,Electric,71,31,19,44,Pidgey,Normal,60,17,14,23,1.0,1.0,11,14,5,21,51,2,1
Dragonair,Dragon,67,31,22,29,Vulpix,Fire,60,15,14,27,1.0,0.5,7,16,8,2,33,2,1
Pidgey,Normal,60,17,14,23,Sandshrew,Ground,60,28,29,16,1.0,1.0,0,-11,-15,7,-19,2,0
Hitmonlee,Fighting,60,45,18,36,Shellder,Water,60,24,35,16,1.0,1.0,0,21,-17,20,24,3,1
Onix,Rock,60,17,50,29,Venusaur,Grass,88,31,29,33,1.0,2.0,-28,-14,21,-4,-25,3,0
Poliwag,Water,60,19,14,37,Beedrill,Bug,71,34,14,31,1.0,1.0,-11,-15,0,6,-20,2,0
Graveler,Rock,60,36,40,14,Clefairy,Fairy,77,17,16,14,1.0,1.0,-17,19,24,0,26,3,1
Grimer,Poison,88,30,17,10,Charmander,Fire,60,19,15,27,1.0,1.0,28,11,2,-17,24,2,1
Kadabra,Psychic,60,15,12,44,Scyther,Bug,77,41,28,44,1.0,2.0,-17,-26,-16,0,-59,1,0
Abra,Psychic,60,15,12,37,Lapras,Water,143,32,28,25,1.0,1.0,-83,-17,-16,12,-104,2,0
Raichu,Electric,66,34,19,46,Eevee,Normal,60,20,17,23,1.0,1.0,6,14,2,23,45,2,1
Kadabra,Psychic,60,15,12,44,Dodrio,Normal,66,41,24,46,1.0,1.0,-6,-26,-12,-2,-46,1,0
Zubat,Poison,60,17,12,23,Seadra,Water,60,24,33,35,1.0,1.0,0,-7,-21,-12,-40,2,0
Dewgong,Water,99,26,28,29,Graveler,Rock,60,36,40,14,2.0,1.0,39,-10,-12,15,32,3,1
Gloom,Grass,66,24,24,16,Exeggutor,Grass,104,36,29,23,0.5,0.5,-38,-12,-5,-7,-62,6,0
Dragonite,Dragon,100,50,33,33,Moltres,Fire,99,38,31,37,1.0,0.5,1,12,2,-4,11,4,1
Nidoran-f,Poison,60,17,18,17,Hypno,Psychic,93,27,24,28,1.0,2.0,-33,-10,-6,-11,-60,2,0
Geodude,Rock,60,30,35,10,Magikarp,Water,60,15,19,33,1.0,2.0,0,15,16,-23,8,3,1
Butterfree,Bug,66,17,17,29,Eevee,Normal,60,20,17,23,1.0,1.0,6,-3,0,6,9,4,1
Raticate,Normal,60,30,21,40,Bulbasaur,Grass,60,18,17,18,1.0,1.0,0,12,4,22,38,3,1
Dodrio,Normal,66,41,24,46,Hitmonchan,Fighting,60,39,27,31,1.0,2.0,6,2,-3,15,20,2,0
Cloyster,Water,60,36,50,29,Victreebel,Grass,88,39,22,29,0.5,2.0,-28,-3,28,0,-3,2,0
Slowpoke,Water,99,24,22,10,Oddish,Grass,60,19,19,12,0.5,2.0,39,5,3,-2,45,4,0
Machamp,Fighting,99,49,28,23,Nidoking,Poison,89,38,26,35,0.5,1.0,10,11,2,-12,11,5,0
Rhyhorn,Ground,88,32,33,10,Weepinbell,Grass,71,34,17,23,0.5,2.0,17,-2,16,-13,18,3,0
Abra,Psychic,60,15,12,37,Rattata,Normal,60,21,12,30,1.0,1.0,0,-6,0,7,1,2,0
Doduo,Normal,60,32,15,31,Charmander,Fire,60,19,15,27,1.0,1.0,0,13,0,4,17,2,1
Cubone,Ground,60,19,33,14,Charizard,Fire,85,31,27,42,2.0,1.0,-25,-12,6,-28,-59,4,0
Doduo,Normal,60,32,15,31,Weezing,Poison,71,34,42,25,1.0,1.0,-11,-2,-27,6,-34,2,0
Magikarp,Water,60,15,19,33,Sandshrew,Ground,60,28,29,16,2.0,1.0,0,-13,-10,17,-6,3,0
Ivysaur,Grass,66,23,22,25,Lapras,Water,143,32,28,25,2.0,0.5,-77,-9,-6,0,-92,5,1
Pikachu,Electric,60,20,14,37,Eevee,Normal,60,20,17,23,1.0,1.0,0,0,-3,14,11,3,0
Persian,Normal,71,26,21,48,Venusaur,Grass,88,31,29,33,1.0,1.0,-17,-5,-8,15,-15,3,0
Seadra,Water,60,24,33,35,Nidoking,Poison,89,38,26,35,1.0,1.0,-29,-14,7,0,-36,4,0
Growlithe,Fire,60,26,15,25,Kabuto,Rock,60,30,31,23,0.5,2.0,0,-4,-16,2,-18,1,0
Magnemite,Electric,60,15,24,18,Psyduck,Water,60,19,16,23,2.0,1.0,0,-4,8,-5,-1,2,1
Dodrio,Normal,66,41,24,46,Slowbro,Water,104,28,38,12,1.0,1.0,-38,13,-14,34,-5,4,0
Grimer,Poison,88,30,17,10,Pidgeotto,Normal,69,22,19,29,1.0,1.0,19,8,-2,-19,6,3,1
Aerodactyl,Rock,88,39,22,54,Hitmonlee,Fighting,60,45,18,36,0.5,2.0,28,-6,4,18,44,2,0
Hitmonlee,Fighting,60,45,18,36,Magnemite,Electric,60,15,24,18,1.0,1.0,0,30,-6,18,42,2,1
Oddish,Grass,60,19,19,12,Graveler,Rock,60,36,40,14,2.0,1.0,0,-17,-21,-2,-40,3,0
Hitmonchan,Fighting,60,39,27,31,Jynx,Ice,71,19,12,39,2.0,1.0,-11,20,15,-8,16,1,1
Gengar,Ghost,66,24,21,46,Raticate,Normal,60,30,21,40,0.0,0.0,6,-6,0,6,6,15,1
Mewtwo,Psychic,116,41,31,54,Charizard,Fire,85,31,27,42,1.0,1.0,31,10,4,12,57,4,1
Dragonite,Dragon,100,50,33,33,Meowth,Normal,60,17,12,37,1.0,1.0,40,33,21,-4,90,1,1
Hypno,Psychic,93,27,24,28,Gloom,Grass,66,24,24,16,1.0,1.0,27,3,0,12,42,4,1
Growlithe,Fire,60,26,15,25,Dewgong,Water,99,26,28,29,0.5,2.0,-39,0,-13,-4,-56,1,0
Poliwrath,Water,99,36,33,29,Mew,Psychic,110,38,35,42,1.0,1.0,-11,-2,-2,-13,-28,6,0
Weedle,Bug,60,15,12,21,Golem,Rock,88,45,45,18,1.0,2.0,-28,-30,-33,3,-88,1,0
Gloom,Grass,66,24,24,16,Magmar,Fire,71,36,19,39,0.5,2.0,-5,-12,5,-23,-35,2,0
Parasect,Bug,66,36,28,12,Magmar,Fire,71,36,19,39,0.5,2.0,-5,0,9,-27,-23,2,0
Golbat,Poison,82,30,24,37,Muk,Poison,115,39,26,21,0.5,0.5,-33,-9,-2,16,-28,7,0
Tentacruel,Water,88,26,22,42,Persian,Normal,71,26,21,48,1.0,1.0,17,0,1,-6,12,4,1
Charmander,Fire,60,19,15,27,Magikarp,Water,60,15,19,33,0.5,2.0,0,4,-4,-6,-6,2,0
Pidgeot,Normal,91,30,26,42,Dratini,Dragon,60,24,15,21,1.0,1.0,31,6,11,21,69,3,1
Jynx,Ice,71,19,12,39,Dewgong,Water,99,26,28,29,0.5,1.0,-28,-7,-16,10,-41,3,0
Kabuto,Rock,60,30,31,23,Dratini,Dragon,60,24,15,21,1.0,1.0,0,6,16,2,24,2,1
Paras,Bug,60,26,19,10,Graveler,Rock,60,36,40,14,1.0,2.0,0,-10,-21,-4,-35,2,0
Mewtwo,Psychic,116,41,31,54,Starmie,Water,66,28,29,48,1.0,1.0,50,13,2,6,71,3,1
Farfetchd,Normal,60,34,19,25,Moltres,Fire,99,38,31,37,1.0,1.0,-39,-4,-12,-12,-67,2,0
Nidoran-f,Poison,60,17,18,17,Weezing,Poison,71,34,42,25,0.5,0.5,-11,-17,-24,-8,-60,5,0
Nidorina,Poison,77,23,23,23,Moltres,Fire,99,38,31,37,1.0,1.0,-22,-15,-8,-14,-59,3,0
Nidorino,Poison,67,27,19,27,Dewgong,Water,99,26,28,29,1.0,1.0,-32,1,-9,-2,-42,3,0
Dodrio,Normal,66,41,24,46,Charizard,Fire,85,31,27,42,1.0,1.0,-19,10,-3,4,-8,4,1
Muk,Poison,115,39,26,21,Charizard,Fire,85,31,27,42,1.0,1.0,30,8,-1,-21,16,4,1
Kangaskhan,Normal,115,36,28,37,Vulpix,Fire,60,15,14,27,1.0,1.0,55,21,14,10,100,2,1
Wigglytuff,Normal,154,26,15,18,Seadra,Water,60,24,33,35,1.0,1.0,94,2,-18,-17,61,5,1
Pidgeot,Normal,91,30,26,42,Vileplume,Grass,82,30,29,21,1.0,1.0,9,0,-3,21,27,5,1
Clefable,Fairy,104,26,25,25,Geodude,Rock,60,30,35,10,1.0,1.0,44,-4,-10,15,45,5,1
Kingler,Water,60,49,40,31,Gloom,Grass,66,24,24,16,0.5,2.0,-6,25,16,15,50,3,0
Raticate,Normal,60,30,21,40,Sandshrew,Ground,60,28,29,16,1.0,1.0,0,2,-8,24,18,3,0
Staryu,Water,60,17,19,35,Caterpie,Bug,60,15,12,18,1.0,1.0,0,2,7,17,26,3,1
Fearow,Normal,71,34,22,42,Porygon,Normal,71,22,24,16,1.0,1.0,0,12,-2,26,36,4,1
Moltres,Fire,99,38,31,37,Venusaur,Grass,88,31,29,33,2.0,0.5,11,7,2,4,24,3,1
Rhydon,Ground,115,49,42,16,Weepinbell,Grass,71,34,17,23,0.5,2.0,44,15,25,-7,77,4,1
Eevee,Normal,60,20,17,23,Seadra,Water,60,24,33,35,1.0,1.0,0,-4,-16,-12,-32,3,0
Flareon,Fire,71,49,21,27,Rattata,Normal,60,21,12,30,1.0,1.0,11,28,9,-3,45,2,1
Golbat,Poison,82,30,24,37,Gastly,Ghost,60,15,12,33,0.5,1.0,22,15,12,4,53,4,1
Rattata,Normal,60,21,12,30,Horsea,Water,60,15,24,25,1.0,1.0,0,6,-12,5,-1,3,0
Dewgong,Water,99,26,28,29,Starmie,Water,66,28,29,48,0.5,0.5,33,-2,-1,-19,11,10,1
Grimer,Poison,88,30,17,10,Arbok,Poison,66,36,24,33,0.5,0.5,22,-6,-7,-23,-14,6,0
Arbok,Poison,66,36,24,33,Exeggutor,Grass,104,36,29,23,2.0,0.5,-38,0,-5,10,-33,3,1
Electabuzz,Electric,71,31,19,44,Blastoise,Water,86,31,35,32,2.0,1.0,-15,0,-16,12,-19,3,1
Parasect,Bug,66,36,28,12,Bellsprout,Grass,60,28,12,16,2.0,0.5,6,8,16,-4,26,1,1
Horsea,Water,60,15,24,25,Slowpoke,Water,99,24,22,10,0.5,0.5,-39,-9,2,15,-31,8,0
Golduck,Water,88,31,27,35,Chansey,Normal,180,15,12,21,1.0,1.0,-92,16,15,14,-47,5,1
Sandshrew,Ground,60,28,29,16,Bulbasaur,Grass,60,18,17,18,0.5,2.0,0,10,12,-2,20,3,0
Slowbro,Water,104,28,38,12,Vulpix,Fire,60,15,14,27,2.0,0.5,44,13,24,-15,66,2,1
Gloom,Grass,66,24,24,16,Machop,Fighting,77,30,17,14,1.0,1.0,-11,-6,7,2,-8,4,1
Magmar,Fire,71,36,19,39,Slowbro,Water,104,28,38,12,0.5,2.0,-33,8,-19,27,-17,2,0
Shellder,Water,60,24,35,16,Vulpix,Fire,60,15,14,27,2.0,0.5,0,9,21,-11,19,2,1
Victreebel,Grass,88,39,22,29,Metapod,Bug,60,15,19,12,0.5,2.0,28,24,3,17,72,4,1
Arbok,Poison,66,36,24,33,Geodude,Rock,60,30,35,10,0.5,1.0,6,6,-11,23,24,3,0
Staryu,Water,60,17,19,35,Wartortle,Water,64,23,28,24,0.5,0.5,-4,-6,-9,11,-8,7,0
Omanyte,Rock,60,15,35,14,Paras,Bug,60,26,19,10,2.0,1.0,0,-11,16,4,9,3,1
Gengar,Ghost,66,24,21,46,Jigglypuff,Normal,126,17,12,10,0.0,0.0,-60,7,9,36,-8,17,0
Machamp,Fighting,99,49,28,23,Vaporeon,Water,143,24,21,27,1.0,1.0,-44,25,7,-4,-16,4,1
Vileplume,Grass,82,30,29,21,Victreebel,Grass,88,39,22,29,0.5,0.5,-6,-9,7,-8,-16,8,0
Venomoth,Bug,77,24,21,37,Raichu,Electric,66,34,19,46,1.0,1.0,11,-10,2,-9,-6,3,0
Weedle,Bug,60,15,12,21,Electrode,Electric,66,19,24,60,1.0,1.0,-6,-4,-12,-39,-61,3,0
Articuno,Ice,99,32,35,35,Slowbro,Water,104,28,38,12,0.5,1.0,-5,4,-3,23,19,8,0
Slowpoke,Water,99,24,22,10,Exeggutor,Grass,104,36,29,23,0.5,2.0,-5,-12,-7,-13,-37,2,0
Tangela,Grass,71,20,40,25,Arcanine,Fire,99,41,28,39,0.5,2.0,-28,-21,12,-14,-51,3,0
Oddish,Grass,60,19,19,12,Geodude,Rock,60,30,35,10,2.0,1.0,0,-11,-16,2,-25,3,1
Nidoran-m,Poison,60,21,14,21,Gloom,Grass,66,24,24,16,2.0,0.5,-6,-3,-10,5,-14,3,1
Blastoise,Water,86,31,35,32,Magikarp,Water,60,15,19,33,0.5,0.5,26,16,16,-1,57,5,1
Doduo,Normal,60,32,15,31,Parasect,Bug,66,36,28,12,1.0,1.0,-6,-4,-13,19,-4,2,0
Pidgeotto,Normal,69,22,19,29,Magmar,Fire,71,36,19,39,1.0,1.0,-2,-14,0,-10,-26,3,0
Golduck,Water,88,31,27,35,Tentacool,Water,60,15,12,29,0.5,0.5,28,16,15,6,65,3,1
Gloom,Grass,66,24,24,16,Oddish,Grass,60,19,19,12,0.5,0.5,6,5,5,4,20,6,1
Dragonite,Dragon,100,50,33,33,Growlithe,Fire,60,26,15,25,1.0,0.5,40,24,18,8,90,2,1
Ninetales,Fire,80,28,26,42,Growlithe,Fire,60,26,15,25,0.5,0.5,20,2,11,17,50,4,1
Starmie,Water,66,28,29,48,Moltres,Fire,99,38,31,37,2.0,0.5,-33,-10,-2,11,-34,4,1
Abra,Psychic,60,15,12,37,Psyduck,Water,60,19,16,23,1.0,1.0,0,-4,-4,14,6,3,0
Krabby,Water,60,39,31,21,Charmander,Fire,60,19,15,27,2.0,0.5,0,20,16,-6,30,1,1
Weedle,Bug,60,15,12,21,Ponyta,Fire,60,32,19,37,0.5,2.0,0,-17,-7,-16,-40,1,0
Blastoise,Water,86,31,35,32,Charmander,Fire,60,19,15,27,2.0,0.5,26,12,20,5,63,1,1
Magikarp,Water,60,15,19,33,Vileplume,Grass,82,30,29,21,0.5,2.0,-22,-15,-10,12,-35,2,0
Raticate,Normal,60,30,21,40,Mewtwo,Psychic,116,41,31,54,1.0,1.0,-56,-11,-10,-14,-91,3,0
Rhydon,Ground,115,49,42,16,Victreebel,Grass,88,39,22,29,0.5,2.0,27,10,20,-13,44,4,0
Marowak,Ground,66,30,38,18,Spearow,Normal,60,22,12,29,1.0,1.0,6,8,26,-11,29,2,1
Goldeen,Water,60,25,21,26,Rhydon,Ground,115,49,42,16,2.0,1.0,-55,-24,-21,10,-90,2,0
Shellder,Water,60,24,35,16,Exeggcute,Grass,66,15,28,16,0.5,2.0,-6,9,7,0,10,4,0
Eevee,Normal,60,20,17,23,Rhyhorn,Ground,88,32,33,10,1.0,1.0,-28,-12,-16,13,-43,3,0
Dragonair,Dragon,67,31,22,29,Muk,Poison,115,39,26,21,1.0,1.0,-48,-8,-4,8,-52,3,0
Gyarados,Water,104,47,27,34,Pidgey,Normal,60,17,14,23,1.0,1.0,44,30,13,11,98,2,1
Machoke,Fighting,88,38,24,18,Victreebel,Grass,88,39,22,29,1.0,1.0,0,-1,2,-11,-10,4,0
Vulpix,Fire,60,15,14,27,Magmar,Fire,71,36,19,39,0.5,0.5,-11,-21,-5,-12,-49,3,0
Exeggcute,Grass,66,15,28,16,Caterpie,Bug,60,15,12,18,0.5,2.0,6,0,16,-2,20,4,0
Tangela,Grass,71,20,40,25,Onix,Rock,60,17,50,29,2.0,1.0,11,3,-10,-4,0,4,1
Sandslash,Ground,82,38,38,27,Ditto,Normal,60,18,16,20,1.0,1.0,22,20,22,7,71,2,1
Bellsprout,Grass,60,28,12,16,Charizard,Fire,85,31,27,42,0.5,2.0,-25,-3,-15,-26,-69,1,0
Seel,Water,71,17,19,18,Slowbro,Water,104,28,38,12,0.5,0.5,-33,-11,-19,6,-57,6,0
Hitmonlee,Fighting,60,45,18,36,Staryu,Water,60,17,19,35,1.0,1.0,0,28,-1,1,28,2,1
Hitmonchan,Fighting,60,39,27,31,Spearow,Normal,60,22,12,29,2.0,1.0,0,17,15,2,34,1,1
Mr-mime,Psychic,60,17,22,37,Shellder,Water,60,24,35,16,1.0,1.0,0,-7,-13,21,1,4,0
Pidgey,Normal,60,17,14,23,Electrode,Electric,66,19,24,60,1.0,1.0,-6,-2,-10,-37,-55,3,0
Butterfree,Bug,66,17,17,29,Krabby,Water,60,39,31,21,1.0,1.0,6,-22,-14,8,-22,3,0
Magnemite,Electric,60,15,24,18,Dragonair,Dragon,67,31,22,29,0.5,1.0,-7,-16,2,-11,-32,3,0
Dewgong,Water,99,26,28,29,Kakuna,Bug,60,15,17,14,1.0,1.0,39,11,11,15,76,3,1
Growlithe,Fire,60,26,15,25,Exeggcute,Grass,66,15,28,16,2.0,0.5,-6,11,-13,9,1,3,1
Fearow,Normal,71,34,22,42,Ditto,Normal,60,18,16,20,1.0,1.0,11,16,6,22,55,2,1
Machoke,Fighting,88,38,24,18,Persian,Normal,71,26,21,48,2.0,1.0,17,12,3,-30,2,2,1
Mr-mime,Psychic,60,17,22,37,Gengar,Ghost,66,24,21,46,1.0,2.0,-6,-7,1,-9,-21,2,0
Clefairy,Fairy,77,17,16,14,Slowpoke,Water,99,24,22,10,1.0,1.0,-22,-7,-6,4,-31,4,0
Bulbasaur,Grass,60,18,17,18,Gloom,Grass,66,24,24,16,0.5,0.5,-6,-6,-7,2,-17,6,0
Dragonite,Dragon,100,50,33,33,Mr-mime,Psychic,60,17,22,37,1.0,1.0,40,33,11,-4,80,2,1
Lapras,Water,143,32,28,25,Alakazam,Psychic,60,19,15,50,1.0,1.0,83,13,13,-25,84,2,1
Horsea,Water,60,15,24,25,Exeggutor,Grass,104,36,29,23,0.5,2.0,-44,-21,-5,2,-68,2,0
Poliwag,Water,60,19,14,37,Nidorina,Poison,77,23,23,23,1.0,1.0,-17,-4,-9,14,-16,2,0
Psyduck,Water,60,19,16,23,Clefable,Fairy,104,26,25,25,1.0,1.0,-44,-7,-9,-2,-62,3,0
Horsea,Water,60,15,24,25,Graveler,Rock,60,36,40,14,2.0,1.0,0,-21,-16,11,-26,3,0
Venusaur,Grass,88,31,29,33,Kangaskhan,Normal,115,36,28,37,1.0,1.0,-27,-5,1,-4,-35,5,0
Kabuto,Rock,60,30,31,23,Rapidash,Fire,71,38,24,44,2.0,0.5,-11,-8,7,-21,-33,2,1
Lapras,Water,143,32,28,25,Goldeen,Water,60,25,21,26,0.5,0.5,83,7,7,-1,96,5,1
Electabuzz,Electric,71,31,19,44,Weedle,Bug,60,15,12,21,1.0,1.0,11,16,7,23,57,2,1
Weezing,Poison,71,34,42,25,Ivysaur,Grass,66,23,22,25,2.0,0.5,5,11,20,0,36,2,1
Poliwrath,Water,99,36,33,29,Weezing,Poison,71,34,42,25,1.0,1.0,28,2,-9,4,25,5,1
Hitmonlee,Fighting,60,45,18,36,Marowak,Ground,66,30,38,18,1.0,1.0,-6,15,-20,18,7,3,0
Pidgeotto,Normal,69,22,19,29,Clefairy,Fairy,77,17,16,14,1.0,1.0,-8,5,3,15,15,4,1
Aerodactyl,Rock,88,39,22,54,Golduck,Water,88,31,27,35,1.0,2.0,0,8,-5,19,22,2,0
Butterfree,Bug,66,17,17,29,Lapras,Water,143,32,28,25,1.0,1.0,-77,-15,-11,4,-99,3,0
Rhydon,Ground,115,49,42,16,Starmie,Water,66,28,29,48,1.0,2.0,49,21,13,-32,51,3,1
Farfetchd,Normal,60,34,19,25,Nidoran-m,Poison,60,21,14,21,1.0,1.0,0,13,5,4,22,2,1
Sandslash,Ground,82,38,38,27,Farfetchd,Normal,60,34,19,25,1.0,1.0,22,4,19,2,47,2,1
Venusaur,Grass,88,31,29,33,Kabutops,Rock,66,43,36,33,2.0,1.0,22,-12,-7,0,3,3,1
Ivysaur,Grass,66,23,22,25,Metapod,Bug,60,15,19,12,0.5,2.0,6,8,3,13,30,3,0
Nidoran-m,Poison,60,21,14,21,Rhydon,Ground,115,49,42,16,0.5,2.0,-55,-28,-28,5,-106,1,0
Marowak,Ground,66,30,38,18,Omastar,Rock,77,22,43,23,2.0,0.5,-11,8,-5,-5,-13,3,1
Tauros,Normal,82,38,33,46,Abra,Psychic,60,15,12,37,1.0,1.0,22,23,21,9,75,2,1
Machamp,Fighting,99,49,28,23,Electabuzz,Electric,71,31,19,44,1.0,1.0,28,18,9,-21,34,2,1
Rhydon,Ground,115,49,42,16,Rhyhorn,Ground,88,32,33,10,1.0,1.0,27,17,9,6,59,4,1
Nidoran-m,Poison,60,21,14,21,Growlithe,Fire,60,26,15,25,1.0,1.0,0,-5,-1,-4,-10,2,0
Victreebel,Grass,88,39,22,29,Muk,Poison,115,39,26,21,0.5,2.0,-27,0,-4,8,-23,2,0
Tangela,Grass,71,20,40,25,Magneton,Electric,60,22,33,29,1.0,0.5,11,-2,7,-4,12,7,1
Squirtle,Water,60,18,22,18,Sandshrew,Ground,60,28,29,16,2.0,1.0,0,-10,-7,2,-15,3,1
Tentacool,Water,60,15,12,29,Seel,Water,71,17,19,18,0.5,0.5,-11,-2,-7,11,-9,6,0
Nidoran-m,Poison,60,21,14,21,Gengar,Ghost,66,24,21,46,0.5,1.0,-6,-3,-7,-25,-41,3,0
Vaporeon,Water,143,24,21,27,Onix,Rock,60,17,50,29,2.0,1.0,83,7,-29,-2,59,4,1
Onix,Rock,60,17,50,29,Nidoqueen,Poison,99,34,30,31,1.0,0.5,-39,-17,20,-2,-38,10,1
Krabby,Water,60,39,31,21,Exeggutor,Grass,104,36,29,23,0.5,2.0,-44,3,2,-2,-41,2,0
Onix,Rock,60,17,50,29,Hitmonlee,Fighting,60,45,18,36,0.5,2.0,0,-28,32,-7,-3,2,0
Rattata,Normal,60,21,12,30,Clefairy,Fairy,77,17,16,14,1.0,1.0,-17,4,-4,16,-1,3,0
Dratini,Dragon,60,24,15,21,Hitmonchan,Fighting,60,39,27,31,1.0,1.0,0,-15,-12,-10,-37,2,0
Mew,Psychic,110,38,35,42,Mr-mime,Psychic,60,17,22,37,0.5,0.5,50,21,13,5,89,5,1
Golbat,Poison,82,30,24,37,Mr-mime,Psychic,60,17,22,37,1.0,2.0,22,13,2,0,37,3,1
Rhyhorn,Ground,88,32,33,10,Eevee,Normal,60,20,17,23,1.0,1.0,28,12,16,-13,43,2,1
Tauros,Normal,82,38,33,46,Metapod,Bug,60,15,19,12,1.0,1.0,22,23,14,34,93,2,1
Weepinbell,Grass,71,34,17,23,Omanyte,Rock,60,15,35,14,2.0,1.0,11,19,-18,9,21,2,1
Mr-mime,Psychic,60,17,22,37,Seaking,Water,88,34,22,28,1.0,1.0,-28,-17,0,9,-36,3,0
Weezing,Poison,71,34,42,25,Grimer,Poison,88,30,17,10,0.5,0.5,-17,4,25,15,27,6,1
Vulpix,Fire,60,15,14,27,Weedle,Bug,60,15,12,21,2.0,0.5,0,0,2,6,8,2,1
Nidoran-f,Poison,60,17,18,17,Wartortle,Water,64,23,28,24,1.0,1.0,-4,-6,-10,-7,-27,3,0
Magikarp,Water,60,15,19,33,Dragonite,Dragon,100,50,33,33,0.5,1.0,-40,-35,-14,0,-89,2,0
Machoke,Fighting,88,38,24,18,Sandshrew,Ground,60,28,29,16,1.0,1.0,28,10,-5,2,35,3,1
Kabutops,Rock,66,43,36,33,Squirtle,Water,60,18,22,18,1.0,2.0,6,25,14,15,60,2,1
Mr-mime,Psychic,60,17,22,37,Blastoise,Water,86,31,35,32,1.0,1.0,-26,-14,-13,5,-48,3,0
Tangela,Grass,71,20,40,25,Seel,Water,71,17,19,18,2.0,0.5,0,3,21,7,31,3,1
Charmander,Fire,60,19,15,27,Abra,Psychic,60,15,12,37,1.0,1.0,0,4,3,-10,-3,3,1
Slowbro,Water,104,28,38,12,Clefairy,Fairy,77,17,16,14,1.0,1.0,27,11,22,-2,58,3,1
Metapod,Bug,60,15,19,12,Rhydon,Ground,115,49,42,16,1.0,0.5,-55,-34,-23,-4,-116,4,0
Magikarp,Water,60,15,19,33,Sandshrew,Ground,60,28,29,16,2.0,1.0,0,-13,-10,17,-6,3,1
Metapod,Bug,60,15,19,12,Nidoran-f,Poison,60,17,18,17,0.5,1.0,0,-2,1,-5,-6,4,0
Doduo,Normal,60,32,15,31,Electrode,Electric,66,19,24,60,1.0,1.0,-6,13,-9,-29,-31,3,0
Vileplume,Grass,82,30,29,21,Hypno,Psychic,93,27,24,28,1.0,1.0,-11,3,5,-7,-10,5,0
Dewgong,Water,99,26,28,29,Machoke,Fighting,88,38,24,18,1.0,1.0,11,-12,4,11,14,5,1
Wigglytuff,Normal,154,26,15,18,Abra,Psychic,60,15,12,37,1.0,1.0,94,11,3,-19,89,2,1
Ditto,Normal,60,18,16,20,Venonat,Bug,66,20,17,18,1.0,1.0,-6,-2,-1,2,-7,3,0
Kingler,Water,60,49,40,31,Lickitung,Normal,99,20,26,12,1.0,1.0,-39,29,14,19,23,4,1
